{"type":"FeatureCollection", "features": [
{"type":"Feature","geometry":{"type":"MultiPolygon","coordinates":[[[[89.545,21.8495],[89.5309,21.823],[89.5498,21.7926],[89.5381,21.762],[89.5554,21.7253],[89.5897,21.7136],[89.6051,21.7278],[89.5866,21.7643],[89.6005,21.7749],[89.6037,21.8011],[89.545,21.8495]]],[[[89.6541,21.8574],[89.6606,21.8697],[89.6459,21.8977],[89.6327,21.8865],[89.638,21.8649],[89.6541,21.8574]]],[[[89.6148,21.9467],[89.5884,21.9465],[89.5734,21.9352],[89.5487,21.8757],[89.5562,21.852],[89.6081,21.8109],[89.6183,21.784],[89.6096,21.7648],[89.659,21.7532],[89.6989,21.7728],[89.6939,21.7978],[89.6808,21.804],[89.6257,21.8637],[89.6308,21.8916],[89.6463,21.9099],[89.6148,21.9467]]],[[[89.7145,21.9767],[89.6865,21.9926],[89.6931,21.9428],[89.6741,21.8993],[89.6585,21.8867],[89.6693,21.8701],[89.6661,21.8487],[89.7082,21.8342],[89.7407,21.8383],[89.7409,21.8659],[89.7111,21.9077],[89.7272,21.9286],[89.7109,21.9571],[89.7145,21.9767]]],[[[89.5736,21.9417],[89.5819,21.9541],[89.5616,21.9752],[89.5858,21.9863],[89.6032,22.0029],[89.6008,22.0251],[89.5685,22.0375],[89.5508,21.985],[89.5483,21.9619],[89.5736,21.9417]]],[[[89.8502,21.8732],[89.8654,21.8824],[89.8763,21.9102],[89.8607,21.9655],[89.8592,22.0148],[89.8373,21.9997],[89.8052,21.9893],[89.8365,21.9695],[89.8448,21.9596],[89.8432,21.9524],[89.8156,21.9374],[89.8123,21.9161],[89.8417,21.8996],[89.8482,21.8886],[89.8502,21.8732]]],[[[89.8174,22.0558],[89.7761,22.0888],[89.742,22.052],[89.7457,22.036],[89.7562,22.0367],[89.7605,22.0306],[89.7583,22.0253],[89.7555,22.0233],[89.7468,22.0202],[89.743,22.0159],[89.7504,22.0061],[89.7521,21.9972],[89.7407,21.9671],[89.7152,21.9611],[89.7331,21.9278],[89.7288,21.8984],[89.755,21.8525],[89.7705,21.8389],[89.8321,21.8485],[89.8365,21.8769],[89.845,21.8919],[89.8127,21.9127],[89.8084,21.9334],[89.843,21.9561],[89.8303,21.9707],[89.8036,21.9883],[89.8078,21.9944],[89.8361,22.0014],[89.8399,22.0211],[89.8174,22.0558]]],[[[89.6366,22.0975],[89.6118,22.0916],[89.5997,22.0855],[89.5972,22.0867],[89.597,22.091],[89.5691,22.0387],[89.6053,22.0238],[89.6086,22.01],[89.6044,22.0014],[89.5881,21.9856],[89.5629,21.9745],[89.5867,21.9503],[89.6259,21.9484],[89.6446,21.965],[89.6447,21.9826],[89.6252,21.979],[89.6238,22.0043],[89.6401,21.992],[89.6548,22.0041],[89.66,22.0186],[89.6521,22.0372],[89.6664,22.0551],[89.6366,22.0975]]],[[[89.747,22.134],[89.7129,22.1284],[89.7107,22.0739],[89.686,22.0597],[89.7053,22.0254],[89.7082,21.9864],[89.7239,21.9798],[89.7473,21.9972],[89.743,22.0119],[89.7419,22.0177],[89.7447,22.021],[89.7557,22.0241],[89.758,22.0323],[89.743,22.0354],[89.7391,22.0521],[89.7736,22.0871],[89.7551,22.1328],[89.747,22.134]]],[[[89.6186,22.1667],[89.6115,22.1564],[89.6142,22.1487],[89.6089,22.1428],[89.61,22.1321],[89.6037,22.1253],[89.6035,22.1132],[89.5984,22.0877],[89.622,22.0966],[89.6491,22.1004],[89.668,22.0558],[89.6546,22.0315],[89.6618,22.0188],[89.6554,22.0023],[89.6451,21.9932],[89.6485,21.969],[89.6285,21.9449],[89.6572,21.9028],[89.6698,21.9086],[89.6852,21.95],[89.6791,21.9958],[89.699,22.0325],[89.6786,22.0409],[89.6812,22.066],[89.6669,22.088],[89.6802,22.1321],[89.6717,22.1432],[89.665,22.1372],[89.6554,22.1411],[89.6341,22.1649],[89.6186,22.1667]]],[[[89.8893,22.1582],[89.8877,22.1652],[89.8874,22.1559],[89.8912,22.1501],[89.8893,22.1582]]],[[[89.6198,22.2776],[89.6155,22.2786],[89.6137,22.281],[89.6236,22.2929],[89.6126,22.2975],[89.5937,22.2759],[89.5994,22.2525],[89.5833,22.2184],[89.5541,22.2095],[89.559,22.1905],[89.5917,22.1501],[89.6043,22.1282],[89.6073,22.1425],[89.6129,22.1488],[89.6102,22.1593],[89.6134,22.1676],[89.6052,22.178],[89.6181,22.1985],[89.6035,22.2096],[89.6002,22.2263],[89.6196,22.2571],[89.6171,22.2695],[89.6198,22.2776]]],[[[89.801,22.9413],[89.7798,22.9834],[89.7492,22.9639],[89.7511,22.9457],[89.7297,22.9239],[89.6987,22.8649],[89.7178,22.8484],[89.7112,22.8254],[89.6758,22.8126],[89.6471,22.7633],[89.6112,22.774],[89.6004,22.7283],[89.5491,22.6614],[89.5524,22.6409],[89.5324,22.6091],[89.57,22.5502],[89.5841,22.5077],[89.5962,22.4467],[89.6193,22.4129],[89.6288,22.3659],[89.6366,22.3427],[89.6149,22.3001],[89.6255,22.2944],[89.615,22.2802],[89.6249,22.2761],[89.6177,22.2683],[89.621,22.2576],[89.6153,22.2414],[89.6219,22.2156],[89.6196,22.1983],[89.6069,22.179],[89.6418,22.1619],[89.6633,22.1381],[89.6705,22.145],[89.6818,22.1331],[89.669,22.0878],[89.6847,22.0672],[89.7045,22.0716],[89.7089,22.1296],[89.6896,22.1786],[89.6871,22.1981],[89.6978,22.2127],[89.7148,22.1916],[89.6941,22.1832],[89.7127,22.1311],[89.7367,22.1338],[89.744,22.1385],[89.758,22.1347],[89.7755,22.0925],[89.801,22.0723],[89.8453,22.0638],[89.8769,22.097],[89.8849,22.141],[89.8859,22.1773],[89.8648,22.2257],[89.8579,22.2693],[89.8757,22.3201],[89.8954,22.3466],[89.9016,22.373],[89.8724,22.41],[89.8761,22.4276],[89.9109,22.4473],[89.9426,22.4568],[89.9307,22.4779],[89.8948,22.4757],[89.8821,22.4972],[89.8921,22.5069],[89.9647,22.4924],[89.9646,22.5077],[89.9318,22.5081],[89.9294,22.5226],[89.9542,22.554],[89.9624,22.5932],[89.92,22.6067],[89.927,22.6418],[89.9139,22.6597],[89.9356,22.6768],[89.9021,22.6954],[89.8682,22.6916],[89.8632,22.7029],[89.9046,22.7258],[89.932,22.7242],[89.9314,22.7524],[89.9155,22.7515],[89.9045,22.7726],[89.914,22.7998],[89.9458,22.8317],[89.9438,22.8565],[89.9216,22.8646],[89.9195,22.8811],[89.8578,22.8864],[89.865,22.9031],[89.801,22.9413]]]]},"properties":{"code":"bagerhat","name_en":"Bagerhat","name_bn":"বাগেরহাট","division":"khulna","division_bn":"খুলনা"}},
{"type":"Feature","geometry":{"type":"Polygon","coordinates":[[[92.6139,21.8519],[92.5857,21.8827],[92.5701,21.9271],[92.5381,21.9885],[92.524,22.0247],[92.5156,22.0679],[92.4986,22.1135],[92.4972,22.1533],[92.4834,22.22],[92.4616,22.2565],[92.4003,22.3148],[92.3726,22.3362],[92.2809,22.3557],[92.2248,22.3311],[92.1976,22.3434],[92.1459,22.3477],[92.1547,22.3229],[92.1374,22.2861],[92.1434,22.2587],[92.1376,22.2345],[92.1451,22.2084],[92.1643,22.1821],[92.1556,22.1652],[92.171,22.1406],[92.1732,22.1129],[92.1446,22.0881],[92.1764,22.064],[92.1663,22.0429],[92.1957,22.0187],[92.2128,21.9724],[92.1944,21.9617],[92.1582,21.9104],[92.1297,21.9016],[92.0883,21.926],[92.06,21.9078],[92.0804,21.8895],[92.0898,21.8402],[92.0766,21.8173],[92.1103,21.7948],[92.1307,21.7999],[92.1429,21.7795],[92.1823,21.7892],[92.1802,21.8162],[92.2046,21.8167],[92.2124,21.7865],[92.1751,21.7826],[92.1609,21.7694],[92.1582,21.7346],[92.1226,21.7387],[92.1188,21.7182],[92.0923,21.6887],[92.1066,21.6737],[92.1122,21.634],[92.1406,21.6183],[92.1475,21.5957],[92.1676,21.6054],[92.1847,21.5685],[92.159,21.541],[92.1692,21.5137],[92.2014,21.5141],[92.2171,21.5038],[92.2216,21.4832],[92.2398,21.4727],[92.2334,21.4296],[92.2357,21.3978],[92.2019,21.3905],[92.1878,21.4265],[92.164,21.4319],[92.156,21.4125],[92.1265,21.4007],[92.1539,21.323],[92.1809,21.2757],[92.1905,21.2717],[92.1662,21.221],[92.1764,21.1843],[92.2012,21.2066],[92.2181,21.2319],[92.2197,21.2576],[92.1978,21.3196],[92.2115,21.3398],[92.2588,21.3622],[92.2558,21.3892],[92.2696,21.4004],[92.2691,21.4282],[92.3285,21.4191],[92.3435,21.4669],[92.381,21.4799],[92.4281,21.4236],[92.4388,21.3652],[92.4596,21.3691],[92.4991,21.3611],[92.5085,21.3773],[92.5611,21.3801],[92.5715,21.3244],[92.5962,21.2441],[92.6127,21.2468],[92.6295,21.2686],[92.6803,21.2856],[92.6511,21.3586],[92.6242,21.4755],[92.6152,21.5704],[92.609,21.5847],[92.611,21.623],[92.6018,21.6547],[92.6077,21.6813],[92.6012,21.7026],[92.6119,21.781],[92.6094,21.8171],[92.6139,21.8519]]]},"properties":{"code":"bandarban","name_en":"Bandarban","name_bn":"বান্দরবান","division":"chattogram","division_bn":"চট্টগ্রাম"}},
{"type":"Feature","geometry":{"type":"MultiPolygon","coordinates":[[[[89.8912,22.1501],[89.8909,22.1583],[89.8893,22.1582],[89.8912,22.1501]]],[[[90.2304,22.4533],[90.213,22.4747],[90.1905,22.4795],[90.1748,22.4574],[90.1753,22.431],[90.1408,22.4045],[90.1156,22.3642],[90.0929,22.3445],[90.0509,22.3369],[90.0532,22.315],[90.024,22.2931],[90.0292,22.2598],[90.0187,22.2305],[89.975,22.2039],[89.935,22.166],[89.9072,22.1588],[89.9103,22.1083],[89.901,22.0724],[89.917,22.0226],[89.9358,21.9994],[89.9383,21.9589],[89.9745,21.9487],[89.9885,21.9658],[89.9719,22.0305],[89.9838,22.051],[90.0226,22.0811],[90.0129,22.1161],[90.0218,22.1371],[90.0562,22.164],[90.0325,22.1683],[90.0396,22.1874],[90.0669,22.1715],[90.0655,22.149],[90.0347,22.1285],[90.0303,22.1019],[90.033,22.061],[90.0168,22.0424],[89.987,22.0352],[89.9962,21.9999],[90.0178,21.9829],[90.0521,21.9812],[90.0646,22.024],[90.0858,22.0598],[90.1269,22.0899],[90.1403,22.0843],[90.0903,22.0415],[90.0753,22.0044],[90.0712,21.9697],[90.0286,21.9452],[90.0238,21.8844],[90.0461,21.8651],[90.0752,21.8613],[90.0903,21.8739],[90.1085,21.8958],[90.1103,21.8984],[90.1147,21.9258],[90.1333,21.9288],[90.1415,21.9357],[90.1352,21.9599],[90.1474,21.9748],[90.1535,21.9826],[90.1606,21.9875],[90.1912,21.9847],[90.1783,22.0012],[90.1851,22.0123],[90.2102,22.0309],[90.1866,22.0662],[90.1999,22.0919],[90.2187,22.0638],[90.2233,22.0373],[90.2743,22.0297],[90.291,22.0712],[90.3179,22.0826],[90.3336,22.1001],[90.3435,22.1294],[90.3365,22.165],[90.3632,22.2152],[90.3134,22.2538],[90.2886,22.2433],[90.2718,22.2626],[90.2459,22.2617],[90.225,22.2171],[90.1803,22.235],[90.1586,22.2495],[90.1434,22.2897],[90.1456,22.3123],[90.1779,22.3394],[90.1949,22.4136],[90.2113,22.4182],[90.2304,22.4533]]]]},"properties":{"code":"barguna","name_en":"Barguna","name_bn":"বরগুনা","division":"barishal","division_bn":"বরিশাল"}},
{"type":"Feature","geometry":{"type":"MultiPolygon","coordinates":[[[[90.2304,22.4533],[90.2926,22.4687],[90.3138,22.4837],[90.3296,22.4692],[90.3545,22.4874],[90.3632,22.5044],[90.3918,22.4848],[90.4099,22.4813],[90.4272,22.4604],[90.4374,22.4992],[90.4572,22.5357],[90.4772,22.5323],[90.5012,22.5469],[90.5124,22.5341],[90.5394,22.5633],[90.5113,22.5807],[90.5032,22.6548],[90.5039,22.7084],[90.4922,22.7253],[90.4371,22.7667],[90.4539,22.7744],[90.4758,22.7525],[90.4966,22.7805],[90.4714,22.8071],[90.4753,22.8654],[90.5292,22.8994],[90.5312,22.9201],[90.5162,22.9427],[90.496,22.9497],[90.4652,22.9808],[90.4159,22.9924],[90.4173,23.0072],[90.4072,23.0163],[90.4214,23.0401],[90.3834,23.0563],[90.3488,23.0567],[90.3158,23.0529],[90.3145,23.0353],[90.3294,23.0074],[90.3199,22.9815],[90.2664,22.9702],[90.2299,22.9795],[90.2367,23.0447],[90.2138,23.0699],[90.1948,23.0545],[90.165,23.0676],[90.1353,23.0498],[90.1267,23.0057],[90.0948,23.0068],[90.0688,22.9679],[90.0573,22.9326],[90.0348,22.9338],[90.0184,22.871],[90.0347,22.8657],[90.0344,22.8387],[90.0767,22.7848],[90.1219,22.7747],[90.1407,22.7598],[90.1772,22.7527],[90.1922,22.7865],[90.231,22.7509],[90.2551,22.7527],[90.2705,22.7318],[90.2739,22.6901],[90.2994,22.6856],[90.3498,22.6517],[90.3797,22.6098],[90.3634,22.5806],[90.3112,22.5783],[90.3048,22.5592],[90.2846,22.5512],[90.2275,22.5057],[90.2068,22.4998],[90.1905,22.4795],[90.213,22.4747],[90.2304,22.4533]]],[[[90.5543,22.5926],[90.5424,22.6049],[90.5468,22.5925],[90.5543,22.5926]]],[[[90.538,22.5899],[90.5274,22.6149],[90.5258,22.6407],[90.5203,22.6362],[90.5233,22.5784],[90.5346,22.5837],[90.538,22.5899]]],[[[90.5602,22.6992],[90.5305,22.7057],[90.5189,22.6938],[90.5181,22.6557],[90.5262,22.6425],[90.5252,22.6839],[90.5533,22.6865],[90.5602,22.6992]]],[[[90.5635,22.7057],[90.5723,22.7212],[90.5599,22.7688],[90.5428,22.7403],[90.5487,22.703],[90.5635,22.7057]]],[[[90.5247,22.7214],[90.5212,22.7499],[90.5293,22.7864],[90.5145,22.8015],[90.4849,22.7537],[90.4977,22.7312],[90.5247,22.7214]]],[[[90.5603,22.7699],[90.5822,22.8034],[90.5413,22.783],[90.5603,22.7699]]],[[[90.6514,22.8481],[90.6213,22.8708],[90.5328,22.8887],[90.4909,22.8487],[90.494,22.8198],[90.5406,22.7944],[90.5712,22.81],[90.6024,22.8138],[90.6439,22.8367],[90.6514,22.8481]]],[[[90.5969,22.911],[90.5657,22.9013],[90.57,22.887],[90.5969,22.8836],[90.5969,22.911]]],[[[90.6769,22.9314],[90.6663,22.9435],[90.6874,22.9184],[90.6769,22.9314]]],[[[90.4757,23.0076],[90.483,22.9748],[90.5149,22.9554],[90.534,22.9302],[90.5395,22.8969],[90.558,22.9003],[90.5882,22.921],[90.5869,22.9453],[90.543,22.9935],[90.5154,23.0316],[90.4898,23.0225],[90.4757,23.0076]]],[[[90.5656,23.0449],[90.5483,23.0597],[90.5415,23.0376],[90.5462,23.011],[90.5758,23.0033],[90.5656,23.0449]]]]},"properties":{"code":"barishal","name_en":"Barishal","name_bn":"বরিশাল","division":"barishal","division_bn":"বরিশাল"}},
{"type":"Feature","geometry":{"type":"MultiPolygon","coordinates":[[[[90.5543,22.5926],[90.5572,22.589],[90.5611,22.6006],[90.5424,22.6049],[90.5543,22.5926]]],[[[90.5262,22.6425],[90.5663,22.6484],[90.5716,22.6675],[90.5602,22.6992],[90.5533,22.6865],[90.5252,22.6839],[90.5262,22.6425]]],[[[90.5635,22.7057],[90.5774,22.6587],[90.5673,22.6453],[90.5367,22.6317],[90.5756,22.5991],[90.6028,22.5689],[90.6472,22.5611],[90.6669,22.547],[90.6674,22.5053],[90.6739,22.467],[90.6717,22.4241],[90.678,22.3922],[90.6745,22.3677],[90.6844,22.3318],[90.6773,22.2751],[90.6508,22.2161],[90.6215,22.1796],[90.6179,22.0969],[90.5975,22.0333],[90.6293,21.9941],[90.6846,21.9998],[90.7054,22.0115],[90.7408,22.0531],[90.781,22.0775],[90.8105,22.125],[90.8412,22.2659],[90.8361,22.3248],[90.8458,22.3812],[90.8645,22.4109],[90.8608,22.4322],[90.8312,22.4572],[90.8152,22.4798],[90.7803,22.5091],[90.7619,22.5442],[90.7591,22.5941],[90.7261,22.6202],[90.701,22.6563],[90.6989,22.6753],[90.6806,22.6983],[90.6627,22.7457],[90.6565,22.7825],[90.6238,22.8036],[90.5822,22.8034],[90.5603,22.7699],[90.5599,22.7688],[90.5723,22.7212],[90.5635,22.7057]]],[[[90.6024,22.8138],[90.6451,22.8068],[90.6708,22.8111],[90.6563,22.8448],[90.6439,22.8367],[90.6024,22.8138]]],[[[90.7717,21.8559],[90.8105,21.8633],[90.832,21.8989],[90.8042,21.9153],[90.7896,21.9066],[90.7717,21.8559]]],[[[90.7287,21.8583],[90.742,21.867],[90.7613,21.9108],[90.7603,21.9267],[90.7341,21.9255],[90.7157,21.8991],[90.7119,21.8684],[90.7287,21.8583]]],[[[90.607,21.9238],[90.6168,21.9546],[90.61,21.9636],[90.607,21.9238]]],[[[90.6824,21.9761],[90.6333,21.9752],[90.626,21.9596],[90.6223,21.8907],[90.6474,21.8967],[90.68,21.9303],[90.7002,21.974],[90.6824,21.9761]]],[[[90.8681,21.977],[90.8543,21.9907],[90.8314,21.9653],[90.8382,21.9316],[90.8558,21.9235],[90.8681,21.977]]],[[[90.5898,21.9869],[90.6062,21.9776],[90.6203,21.996],[90.5943,22.0293],[90.5825,22.0225],[90.5898,21.9869]]],[[[90.5786,22.0515],[90.5911,22.0608],[90.6078,22.1088],[90.5989,22.1648],[90.5856,22.1848],[90.57,22.1517],[90.5847,22.1402],[90.5859,22.0874],[90.5786,22.0515]]],[[[90.5868,22.189],[90.6279,22.2028],[90.6316,22.2426],[90.6215,22.2435],[90.5868,22.189]]],[[[90.8987,22.2074],[90.909,22.2468],[90.8938,22.2471],[90.8987,22.2074]]],[[[91.0194,22.2928],[91.019,22.3323],[91.0086,22.3202],[91.0194,22.2928]]],[[[90.9914,22.3291],[90.9698,22.3431],[90.972,22.3022],[90.9492,22.2292],[90.9194,22.1722],[90.9018,22.1268],[90.9016,22.0792],[90.9198,22.0749],[90.9334,22.1088],[90.9596,22.1453],[90.9891,22.1998],[91.0009,22.278],[90.9914,22.3291]]],[[[90.8914,22.3552],[90.8858,22.3959],[90.8649,22.3579],[90.8914,22.3552]]],[[[90.9902,22.391],[90.9723,22.4206],[90.9502,22.401],[90.9647,22.3655],[90.9911,22.3652],[90.9902,22.391]]],[[[90.9509,22.4645],[90.9336,22.4337],[90.9476,22.418],[90.9677,22.4276],[90.9509,22.4645]]],[[[90.8844,22.5171],[90.8609,22.526],[90.8631,22.4986],[90.8825,22.4907],[90.905,22.5023],[90.8844,22.5171]]],[[[90.6412,22.5531],[90.614,22.5515],[90.602,22.5353],[90.6278,22.4941],[90.649,22.4905],[90.6425,22.5241],[90.6543,22.5409],[90.6412,22.5531]]],[[[90.9321,22.497],[90.8938,22.5603],[90.8593,22.5796],[90.841,22.5642],[90.875,22.5309],[90.922,22.4943],[90.9339,22.4937],[90.9321,22.497]]],[[[90.7277,22.7288],[90.7053,22.7523],[90.6949,22.7249],[90.7205,22.6791],[90.7277,22.7288]]]]},"properties":{"code":"bhola","name_en":"Bhola","name_bn":"ভোলা","division":"barishal","division_bn":"বরিশাল"}},
{"type":"Feature","geometry":{"type":"Polygon","coordinates":[[[89.6478,25.0467],[89.6099,25.0509],[89.5641,25.0379],[89.5151,25.0404],[89.4909,25.0598],[89.4625,25.0545],[89.4521,25.0759],[89.3808,25.0603],[89.3601,25.0664],[89.3533,25.0891],[89.3368,25.1014],[89.3312,25.123],[89.3023,25.1197],[89.2801,25.0876],[89.2544,25.0677],[89.2429,25.0298],[89.2092,25.0151],[89.2046,25.0002],[89.178,24.9727],[89.188,24.955],[89.1219,24.9498],[89.1101,24.966],[89.0881,24.9607],[89.0847,24.9339],[89.098,24.8914],[89.0772,24.8688],[89.0354,24.8564],[88.99,24.8594],[88.9773,24.8535],[88.9699,24.8233],[88.9774,24.8027],[88.9676,24.7452],[88.9898,24.7435],[88.9972,24.7664],[89.0472,24.79],[89.0818,24.7645],[89.1071,24.7153],[89.1508,24.7384],[89.1312,24.6993],[89.138,24.684],[89.1633,24.6855],[89.1668,24.6708],[89.1364,24.656],[89.1462,24.6234],[89.1886,24.6516],[89.2041,24.6409],[89.2031,24.613],[89.2314,24.5833],[89.2525,24.6188],[89.2683,24.63],[89.3287,24.5992],[89.3274,24.5753],[89.339,24.5595],[89.3936,24.5518],[89.4249,24.5609],[89.4311,24.5508],[89.4732,24.5438],[89.4857,24.5569],[89.5288,24.5514],[89.5553,24.5554],[89.5683,24.5468],[89.6016,24.5619],[89.6025,24.6052],[89.5594,24.6262],[89.5447,24.6537],[89.5648,24.6993],[89.5917,24.7029],[89.624,24.6855],[89.6608,24.7284],[89.6554,24.7464],[89.6717,24.7594],[89.68,24.7838],[89.7153,24.7773],[89.7303,24.7984],[89.6849,24.8284],[89.6608,24.8881],[89.6834,24.9157],[89.6724,24.9285],[89.6765,24.9658],[89.6613,24.9874],[89.6609,25.0078],[89.6478,25.0467]]]},"properties":{"code":"bogura","name_en":"Bogura","name_bn":"বগুড়া","division":"rajshahi","division_bn":"রাজশাহী"}},
{"type":"Feature","geometry":{"type":"Polygon","coordinates":[[[91.3031,23.9971],[91.3124,24.0287],[91.3041,24.0563],[91.2841,24.0608],[91.2931,24.0935],[91.2691,24.097],[91.2772,24.1815],[91.3148,24.1929],[91.2981,24.2137],[91.3284,24.2423],[91.3252,24.2604],[91.3017,24.2664],[91.2703,24.224],[91.1949,24.2398],[91.1736,24.2652],[91.1338,24.2431],[91.0851,24.2411],[91.0903,24.2193],[91.0399,24.2118],[90.9851,24.1526],[91.0095,24.1288],[91.0432,24.1109],[91.0537,24.0929],[91.0416,24.0659],[91.0034,24.0467],[90.986,24.0306],[90.9659,24.0054],[90.9727,23.9693],[90.9531,23.9539],[90.9504,23.9264],[90.9312,23.9114],[90.9092,23.868],[90.8948,23.8632],[90.8581,23.879],[90.8286,23.8642],[90.7811,23.8659],[90.7622,23.8601],[90.7662,23.8031],[90.7346,23.7628],[90.7231,23.7453],[90.7249,23.7184],[90.7411,23.6926],[90.7871,23.6958],[90.7749,23.7142],[90.7991,23.7463],[90.8368,23.7249],[90.8708,23.7187],[90.8833,23.7265],[90.8848,23.7529],[90.9675,23.7829],[91.0351,23.7955],[91.0438,23.7628],[91.0871,23.7154],[91.1102,23.6995],[91.1336,23.6645],[91.1564,23.6693],[91.1929,23.6546],[91.2049,23.6799],[91.1938,23.69],[91.1535,23.6894],[91.1491,23.7117],[91.1676,23.7498],[91.2103,23.7493],[91.2306,23.7651],[91.2271,23.7932],[91.254,23.8372],[91.2295,23.8807],[91.2284,23.8988],[91.2414,23.9228],[91.2717,23.9248],[91.2639,23.9444],[91.2715,23.963],[91.3034,23.988],[91.3031,23.9971]]]},"properties":{"code":"brahmanbaria","name_en":"Brahmanbaria","name_bn":"ব্রাহ্মণবাড়িয়া","division":"chattogram","division_bn":"চট্টগ্রাম"}},
{"type":"Feature","geometry":{"type":"MultiPolygon","coordinates":[[[[90.6017,23.0099],[90.5896,23.0249],[90.5963,23.0164],[90.5976,23.0149],[90.6017,23.0099]]],[[[90.5656,23.0449],[90.5864,23.0672],[90.5678,23.0867],[90.5483,23.0597],[90.5656,23.0449]]],[[[90.5987,23.1102],[90.58,23.0866],[90.5878,23.0748],[90.5838,23.0519],[90.6094,23.0334],[90.62,23.064],[90.6156,23.093],[90.5987,23.1102]]],[[[90.6878,23.4925],[90.6413,23.5037],[90.5843,23.4806],[90.5705,23.4372],[90.5419,23.3992],[90.5387,23.3793],[90.5468,23.3674],[90.5761,23.358],[90.5907,23.3359],[90.6112,23.3475],[90.6393,23.3343],[90.6653,23.2754],[90.6603,23.2453],[90.6396,23.2318],[90.6382,23.1678],[90.6464,23.0643],[90.6465,22.9844],[90.6628,23.0076],[90.6627,23.051],[90.6874,23.0632],[90.7309,23.0419],[90.7521,23.0676],[90.7898,23.0853],[90.796,23.1181],[90.8511,23.1541],[90.8466,23.1669],[90.8791,23.1739],[90.9031,23.1549],[90.9618,23.131],[90.9808,23.1332],[91.0095,23.1425],[91.0059,23.1752],[91.0154,23.213],[91.0287,23.2224],[90.9944,23.2924],[90.949,23.3431],[90.9325,23.3471],[90.9302,23.3769],[90.8904,23.4082],[90.877,23.4544],[90.8484,23.4707],[90.8175,23.4628],[90.7943,23.4335],[90.7713,23.4443],[90.7567,23.416],[90.7108,23.4352],[90.7096,23.4547],[90.6878,23.4925]]]]},"properties":{"code":"chandpur","name_en":"Chandpur","name_bn":"চাঁদপুর","division":"chattogram","division_bn":"চট্টগ্রাম"}},
{"type":"Feature","geometry":{"type":"MultiPolygon","coordinates":[[[[92.1459,22.3477],[92.1223,22.3658],[92.0992,22.4004],[92.1362,22.431],[92.1282,22.4588],[92.1286,22.4924],[92.1086,22.5354],[92.1042,22.5701],[92.0697,22.6148],[92.0329,22.613],[92.0129,22.6049],[92.0064,22.5816],[92.0253,22.5228],[92.0162,22.4992],[91.9965,22.4848],[91.9782,22.5078],[91.9674,22.5546],[91.9388,22.6241],[91.9349,22.6574],[91.9431,22.6687],[91.9276,22.6887],[91.8833,22.6972],[91.8768,22.7178],[91.887,22.7658],[91.8565,22.757],[91.8185,22.7928],[91.7884,22.7779],[91.7755,22.794],[91.7554,22.8436],[91.7547,22.8621],[91.7164,22.8869],[91.7277,22.9454],[91.7131,22.9887],[91.6817,22.9774],[91.6457,22.9768],[91.6169,22.9442],[91.5768,22.9654],[91.5451,22.9522],[91.5139,22.9071],[91.4665,22.9012],[91.4653,22.8549],[91.4655,22.8483],[91.4457,22.8093],[91.4473,22.7845],[91.4503,22.7777],[91.4544,22.7569],[91.4763,22.7194],[91.5242,22.6904],[91.5816,22.6342],[91.5848,22.6158],[91.6387,22.569],[91.69,22.5141],[91.723,22.4646],[91.737,22.4291],[91.7371,22.4085],[91.768,22.3017],[91.7635,22.2781],[91.8123,22.2082],[91.8241,22.1567],[91.8421,22.1424],[91.8617,22.1498],[91.8643,22.083],[91.8784,22.0473],[91.8738,22.0029],[91.8904,21.948],[91.9089,21.9294],[91.9066,21.91],[91.9166,21.8584],[91.9287,21.8786],[91.9661,21.8839],[91.9988,21.908],[92.0264,21.9039],[92.06,21.9078],[92.0883,21.926],[92.1297,21.9016],[92.1582,21.9104],[92.1944,21.9617],[92.2128,21.9724],[92.1957,22.0187],[92.1663,22.0429],[92.1764,22.064],[92.1446,22.0881],[92.1732,22.1129],[92.171,22.1406],[92.1556,22.1652],[92.1643,22.1821],[92.1451,22.2084],[92.1376,22.2345],[92.1434,22.2587],[92.1374,22.2861],[92.1547,22.3229],[92.1459,22.3477]]],[[[91.3985,22.4226],[91.3531,22.3765],[91.3905,22.3735],[91.4089,22.3977],[91.3985,22.4226]]],[[[91.3392,22.5301],[91.3509,22.5624],[91.3326,22.5649],[91.3392,22.5301]]],[[[91.5297,22.3904],[91.5684,22.4094],[91.5715,22.4458],[91.5662,22.4686],[91.4986,22.5679],[91.4585,22.6087],[91.4204,22.5965],[91.4259,22.5692],[91.4199,22.5232],[91.4364,22.475],[91.4804,22.3998],[91.5084,22.3875],[91.5297,22.3904]]],[[[91.3322,22.5657],[91.3497,22.5671],[91.3465,22.6094],[91.3111,22.6028],[91.3322,22.5657]]],[[[91.3182,22.6499],[91.3798,22.6271],[91.395,22.6317],[91.4104,22.6783],[91.4018,22.6926],[91.3604,22.7254],[91.3384,22.7321],[91.3487,22.7159],[91.3432,22.6858],[91.3182,22.6499]]]]},"properties":{"code":"chattogram","name_en":"Chattogram","name_bn":"চট্টগ্রাম","division":"chattogram","division_bn":"চট্টগ্রাম"}},
{"type":"Feature","geometry":{"type":"Polygon","coordinates":[[[89.0173,23.7087],[89.0076,23.7228],[89.0041,23.778],[88.9767,23.789],[88.9576,23.809],[88.9299,23.7915],[88.9222,23.8164],[88.859,23.8327],[88.8321,23.8143],[88.8138,23.7736],[88.7885,23.7675],[88.7738,23.6998],[88.6865,23.6597],[88.6542,23.6504],[88.6381,23.6104],[88.6597,23.5492],[88.6739,23.5483],[88.6982,23.5159],[88.7241,23.5126],[88.7538,23.4791],[88.7705,23.4971],[88.7992,23.4912],[88.7873,23.4696],[88.7918,23.4478],[88.7641,23.4454],[88.7511,23.4029],[88.7648,23.3704],[88.7973,23.3708],[88.8169,23.3842],[88.8551,23.3746],[88.8776,23.4067],[88.9165,23.4059],[88.9349,23.413],[88.9294,23.4616],[88.9452,23.4819],[88.9469,23.5127],[88.9339,23.5322],[88.9473,23.552],[88.9778,23.546],[88.9844,23.5814],[89.0035,23.6032],[89.0119,23.656],[89.0069,23.6915],[89.0173,23.7087]]]},"properties":{"code":"chuadanga","name_en":"Chuadanga","name_bn":"চুয়াডাঙ্গা","division":"khulna","division_bn":"খুলনা"}},
{"type":"Feature","geometry":{"type":"Polygon","coordinates":[[[90.7411,23.6926],[90.7328,23.6671],[90.6979,23.6661],[90.6765,23.68],[90.6403,23.6748],[90.63,23.6208],[90.6531,23.6204],[90.6662,23.5963],[90.6459,23.5856],[90.6873,23.5574],[90.7108,23.5157],[90.6878,23.4925],[90.7096,23.4547],[90.7108,23.4352],[90.7567,23.416],[90.7713,23.4443],[90.7943,23.4335],[90.8175,23.4628],[90.8484,23.4707],[90.877,23.4544],[90.8904,23.4082],[90.9302,23.3769],[90.9325,23.3471],[90.949,23.3431],[90.9944,23.2924],[91.0287,23.2224],[91.0154,23.213],[91.0059,23.1752],[91.0095,23.1425],[90.9808,23.1332],[90.9855,23.1174],[91.036,23.1144],[91.043,23.0904],[91.0794,23.0716],[91.1293,23.0746],[91.1599,23.0841],[91.1829,23.0616],[91.2047,23.0664],[91.259,23.0546],[91.278,23.0604],[91.2998,23.0482],[91.3428,23.0685],[91.3719,23.0694],[91.3469,23.1025],[91.3247,23.1688],[91.3236,23.2376],[91.3002,23.2924],[91.3095,23.314],[91.2898,23.3187],[91.2961,23.341],[91.2797,23.3768],[91.2764,23.4148],[91.2515,23.4538],[91.2522,23.4811],[91.2179,23.4996],[91.2006,23.5231],[91.2081,23.5432],[91.158,23.6219],[91.1564,23.6693],[91.1336,23.6645],[91.1102,23.6995],[91.0871,23.7154],[91.0438,23.7628],[91.0351,23.7955],[90.9675,23.7829],[90.8848,23.7529],[90.8833,23.7265],[90.8708,23.7187],[90.8368,23.7249],[90.7991,23.7463],[90.7749,23.7142],[90.7871,23.6958],[90.7411,23.6926]]]},"properties":{"code":"cumilla","name_en":"Cumilla","name_bn":"কুমিল্লা","division":"chattogram","division_bn":"চট্টগ্রাম"}},
{"type":"Feature","geometry":{"type":"MultiPolygon","coordinates":[[[[92.06,21.9078],[92.0264,21.9039],[91.9988,21.908],[91.9661,21.8839],[91.9287,21.8786],[91.9166,21.8584],[91.9089,21.8164],[91.8859,21.7677],[91.8718,21.7189],[91.859,21.6999],[91.857,21.6703],[91.892,21.6448],[91.8694,21.6054],[91.8826,21.597],[91.8615,21.5745],[91.8628,21.5433],[91.8505,21.5317],[91.8626,21.5057],[91.9168,21.47],[91.9394,21.4917],[91.9383,21.5031],[91.9768,21.5096],[91.9849,21.5961],[92.0017,21.516],[91.9796,21.474],[91.9489,21.4593],[91.9572,21.4425],[92.0003,21.3936],[92.0174,21.3682],[92.048,21.2862],[92.0438,21.2345],[92.0462,21.1846],[92.0592,21.1604],[92.1601,21.0434],[92.1882,21.0049],[92.2021,20.959],[92.2239,20.9134],[92.2744,20.84],[92.3116,20.7667],[92.3311,20.7465],[92.342,20.7581],[92.3204,20.8378],[92.2993,20.8894],[92.272,20.9157],[92.2635,20.9445],[92.2634,20.9784],[92.2512,21.0256],[92.265,21.0622],[92.2583,21.0788],[92.2335,21.0968],[92.2237,21.1199],[92.207,21.1189],[92.1993,21.1613],[92.1758,21.16],[92.1764,21.1843],[92.1662,21.221],[92.1905,21.2717],[92.1809,21.2757],[92.1539,21.323],[92.1265,21.4007],[92.156,21.4125],[92.164,21.4319],[92.1878,21.4265],[92.2019,21.3905],[92.2357,21.3978],[92.2334,21.4296],[92.2398,21.4727],[92.2216,21.4832],[92.2171,21.5038],[92.2014,21.5141],[92.1692,21.5137],[92.159,21.541],[92.1847,21.5685],[92.1676,21.6054],[92.1475,21.5957],[92.1406,21.6183],[92.1122,21.634],[92.1066,21.6737],[92.0923,21.6887],[92.1188,21.7182],[92.1226,21.7387],[92.1582,21.7346],[92.1609,21.7694],[92.1751,21.7826],[92.2124,21.7865],[92.2046,21.8167],[92.1802,21.8162],[92.1823,21.7892],[92.1429,21.7795],[92.1307,21.7999],[92.1103,21.7948],[92.0766,21.8173],[92.0898,21.8402],[92.0804,21.8895],[92.06,21.9078]]],[[[91.8702,21.9231],[91.8463,21.8994],[91.8408,21.8587],[91.8518,21.8279],[91.8421,21.8051],[91.8447,21.7754],[91.8331,21.7603],[91.8294,21.7232],[91.8434,21.7221],[91.8773,21.8214],[91.8946,21.8608],[91.8957,21.8844],[91.8798,21.9211],[91.8702,21.9231]]]]},"properties":{"code":"coxsbazar","name_en":"Cox's Bazar","name_bn":"কক্সবাজার","division":"chattogram","division_bn":"চট্টগ্রাম"}},
{"type":"Feature","geometry":{"type":"Polygon","coordinates":[[[90.1476,24.0335],[90.1289,24.0332],[90.1022,24.019],[90.0745,24.0338],[90.0407,24.0284],[90.0076,24.0114],[90.043,24.0045],[90.0502,23.989],[90.038,23.9717],[90.0604,23.9577],[90.0666,23.9169],[90.108,23.8958],[90.1509,23.8342],[90.1854,23.8183],[90.2187,23.8402],[90.2396,23.8321],[90.2477,23.8097],[90.2197,23.7521],[90.2542,23.7217],[90.2179,23.7118],[90.2053,23.7261],[90.159,23.7261],[90.1373,23.7461],[90.1147,23.7172],[90.1008,23.7301],[90.0512,23.7256],[90.0379,23.6849],[90.0205,23.6656],[90.0077,23.6349],[90.0448,23.629],[90.0465,23.5739],[90.0781,23.5614],[90.102,23.5686],[90.1299,23.5651],[90.1583,23.5221],[90.1765,23.5268],[90.1775,23.5515],[90.2046,23.565],[90.2088,23.5892],[90.2473,23.6335],[90.2496,23.6545],[90.2862,23.6739],[90.3315,23.6417],[90.3556,23.6398],[90.3683,23.6527],[90.3905,23.6499],[90.4302,23.6086],[90.472,23.6388],[90.4484,23.6653],[90.4539,23.6776],[90.5128,23.7096],[90.4899,23.736],[90.4805,23.7924],[90.4866,23.8261],[90.4713,23.8473],[90.4608,23.8932],[90.4382,23.9011],[90.3957,23.8802],[90.3772,23.898],[90.3502,23.8823],[90.3445,23.9024],[90.3453,23.9481],[90.3002,23.9488],[90.2978,23.9619],[90.2601,23.9711],[90.2397,24.0092],[90.1944,24.0082],[90.1708,24.0011],[90.1476,24.0335]]]},"properties":{"code":"dhaka","name_en":"Dhaka","name_bn":"ঢাকা","division":"dhaka","division_bn":"ঢাকা"}},
{"type":"Feature","geometry":{"type":"Polygon","coordinates":[[[88.6268,26.0559],[88.5893,26.0204],[88.5625,26.0279],[88.5459,26.0192],[88.5297,25.9771],[88.5379,25.9635],[88.5119,25.9413],[88.5017,25.9187],[88.48,25.9027],[88.4859,25.8699],[88.4446,25.862],[88.4038,25.8648],[88.3863,25.8398],[88.3908,25.811],[88.3835,25.7875],[88.3921,25.7433],[88.4233,25.7249],[88.4362,25.7084],[88.4271,25.6697],[88.4538,25.665],[88.4546,25.6293],[88.4443,25.597],[88.4999,25.5841],[88.5003,25.5509],[88.5331,25.5422],[88.548,25.5182],[88.6224,25.497],[88.6447,25.4987],[88.663,25.4738],[88.7103,25.4807],[88.7075,25.4999],[88.7421,25.5051],[88.7592,25.524],[88.808,25.5128],[88.8137,25.488],[88.8296,25.4904],[88.8373,25.4523],[88.8265,25.4449],[88.8394,25.3739],[88.8757,25.3374],[88.9064,25.3379],[88.9151,25.3126],[88.9392,25.3008],[88.9826,25.3032],[89.0093,25.2975],[89.0078,25.2677],[89.029,25.2759],[89.1062,25.2415],[89.1229,25.253],[89.1592,25.2529],[89.1675,25.2404],[89.2046,25.2285],[89.2167,25.2366],[89.2459,25.2237],[89.2806,25.2292],[89.2871,25.2573],[89.2585,25.2881],[89.2807,25.3013],[89.2378,25.3191],[89.2377,25.3577],[89.2049,25.3887],[89.1647,25.3999],[89.1487,25.4166],[89.1485,25.4339],[89.1159,25.4556],[89.1023,25.4942],[89.1039,25.5162],[89.0934,25.5456],[89.1038,25.5635],[89.0786,25.5828],[89.0438,25.5877],[89.0383,25.604],[89.016,25.6025],[88.9981,25.6251],[88.9909,25.6607],[88.9734,25.6617],[88.9644,25.683],[88.939,25.6857],[88.9317,25.7218],[88.9411,25.7343],[88.8976,25.7353],[88.8898,25.7708],[88.867,25.7711],[88.8276,25.8132],[88.8277,25.8538],[88.8015,25.9005],[88.8015,25.922],[88.7595,25.939],[88.7437,25.965],[88.7482,25.9773],[88.735,26.0147],[88.6696,26.0131],[88.646,26.043],[88.6268,26.0559]]]},"properties":{"code":"dinajpur","name_en":"Dinajpur","name_bn":"দিনাজপুর","division":"rangpur","division_bn":"রংপুর"}},
{"type":"Feature","geometry":{"type":"Polygon","coordinates":[[[90.0077,23.6349],[89.9381,23.6539],[89.8977,23.6737],[89.8649,23.7189],[89.8442,23.713],[89.7955,23.7125],[89.7893,23.686],[89.7545,23.6757],[89.7304,23.6551],[89.7284,23.619],[89.7523,23.5901],[89.7266,23.5825],[89.6903,23.5896],[89.6547,23.6096],[89.6298,23.5877],[89.5633,23.6035],[89.5418,23.5686],[89.5204,23.587],[89.4973,23.5791],[89.4995,23.5578],[89.5375,23.5361],[89.5003,23.5198],[89.5724,23.4981],[89.6006,23.4788],[89.6076,23.463],[89.6069,23.4208],[89.616,23.3966],[89.6033,23.3413],[89.6177,23.3044],[89.6303,23.29],[89.6529,23.2888],[89.6368,23.2616],[89.6418,23.2325],[89.6704,23.2442],[89.688,23.2104],[89.7159,23.241],[89.7312,23.2474],[89.7792,23.3113],[89.7948,23.3125],[89.8238,23.3458],[89.8754,23.3294],[89.8971,23.3423],[89.93,23.3213],[89.9503,23.3205],[89.9498,23.358],[89.9728,23.3487],[90.0038,23.3031],[90.0239,23.2883],[90.0341,23.3406],[90.0676,23.3052],[90.0928,23.3123],[90.1023,23.3333],[90.0878,23.3669],[90.1107,23.4563],[90.1616,23.4733],[90.182,23.498],[90.1583,23.5221],[90.1299,23.5651],[90.102,23.5686],[90.0781,23.5614],[90.0465,23.5739],[90.0448,23.629],[90.0077,23.6349]]]},"properties":{"code":"faridpur","name_en":"Faridpur","name_bn":"ফরিদপুর","division":"dhaka","division_bn":"ঢাকা"}},
{"type":"Feature","geometry":{"type":"MultiPolygon","coordinates":[[[[91.4655,22.8483],[91.4521,22.8282],[91.4419,22.8266],[91.4383,22.8348],[91.4306,22.8278],[91.422,22.8055],[91.4473,22.7845],[91.4457,22.8093],[91.4655,22.8483]]],[[[91.5768,22.9654],[91.5425,22.9997],[91.5503,23.0385],[91.5304,23.0384],[91.5353,23.0635],[91.5112,23.1043],[91.5142,23.1227],[91.4909,23.1578],[91.5031,23.1922],[91.4844,23.2093],[91.4544,23.2576],[91.4174,23.2646],[91.3925,23.246],[91.3864,23.2277],[91.3847,23.1563],[91.4034,23.1139],[91.4002,23.0966],[91.4174,23.083],[91.4116,23.0625],[91.3958,23.0562],[91.3719,23.0694],[91.3428,23.0685],[91.2998,23.0482],[91.278,23.0604],[91.259,23.0546],[91.2649,23.0219],[91.256,22.9639],[91.2631,22.9459],[91.2601,22.9099],[91.2691,22.8916],[91.2998,22.894],[91.3312,22.9098],[91.3509,22.902],[91.3353,22.8754],[91.3368,22.8448],[91.336,22.8212],[91.3354,22.8189],[91.3445,22.7891],[91.3768,22.7853],[91.4072,22.7654],[91.4241,22.7574],[91.4216,22.7844],[91.4071,22.8134],[91.4283,22.8395],[91.4412,22.8352],[91.4494,22.8279],[91.4562,22.8455],[91.4653,22.8549],[91.4665,22.9012],[91.5139,22.9071],[91.5451,22.9522],[91.5768,22.9654]]]]},"properties":{"code":"feni","name_en":"Feni","name_bn":"ফেনী","division":"chattogram","division_bn":"চট্টগ্রাম"}},
{"type":"Feature","geometry":{"type":"Polygon","coordinates":[[[89.6478,25.0467],[89.6531,25.078],[89.6529,25.1416],[89.672,25.1697],[89.7012,25.2322],[89.7489,25.2364],[89.7449,25.2987],[89.7316,25.344],[89.7218,25.3563],[89.7444,25.374],[89.7397,25.3977],[89.6995,25.3938],[89.6937,25.4233],[89.7062,25.4596],[89.685,25.4745],[89.6761,25.4932],[89.6914,25.5378],[89.6675,25.5358],[89.6159,25.5692],[89.5873,25.5565],[89.5665,25.5846],[89.5363,25.5905],[89.5489,25.626],[89.5359,25.649],[89.4884,25.5999],[89.4459,25.5856],[89.4157,25.5895],[89.4059,25.5422],[89.4397,25.5303],[89.4421,25.4883],[89.4301,25.4742],[89.3993,25.4646],[89.3754,25.4065],[89.3447,25.3703],[89.3472,25.3365],[89.3302,25.3219],[89.3264,25.3005],[89.2807,25.3013],[89.2585,25.2881],[89.2871,25.2573],[89.2806,25.2292],[89.2459,25.2237],[89.2167,25.2366],[89.2046,25.2285],[89.1946,25.2169],[89.1978,25.1708],[89.2313,25.1444],[89.2516,25.0973],[89.2801,25.0876],[89.3023,25.1197],[89.3312,25.123],[89.3368,25.1014],[89.3533,25.0891],[89.3601,25.0664],[89.3808,25.0603],[89.4521,25.0759],[89.4625,25.0545],[89.4909,25.0598],[89.5151,25.0404],[89.5641,25.0379],[89.6099,25.0509],[89.6478,25.0467]]]},"properties":{"code":"gaibandha","name_en":"Gaibandha","name_bn":"গাইবান্ধা","division":"rangpur","division_bn":"রংপুর"}},
{"type":"Feature","geometry":{"type":"Polygon","coordinates":[[[90.4713,23.8473],[90.5023,23.8579],[90.517,23.8879],[90.5542,23.8861],[90.5707,23.895],[90.6161,23.9356],[90.6181,23.9684],[90.657,24.0266],[90.6353,24.0708],[90.6388,24.0982],[90.6997,24.1013],[90.6768,24.1188],[90.6866,24.1456],[90.6863,24.1895],[90.6717,24.2048],[90.683,24.2443],[90.6493,24.258],[90.6218,24.2686],[90.5796,24.2465],[90.5442,24.2661],[90.5211,24.2877],[90.512,24.3118],[90.4876,24.3142],[90.458,24.3389],[90.4264,24.3305],[90.4281,24.3102],[90.4024,24.2827],[90.3625,24.281],[90.3254,24.2992],[90.2905,24.2778],[90.3004,24.2544],[90.29,24.2261],[90.2662,24.2151],[90.226,24.1625],[90.2186,24.1234],[90.2304,24.106],[90.2078,24.0949],[90.1723,24.0963],[90.177,24.0748],[90.1578,24.0643],[90.1476,24.0335],[90.1708,24.0011],[90.1944,24.0082],[90.2397,24.0092],[90.2601,23.9711],[90.2978,23.9619],[90.3002,23.9488],[90.3453,23.9481],[90.3445,23.9024],[90.3502,23.8823],[90.3772,23.898],[90.3957,23.8802],[90.4382,23.9011],[90.4608,23.8932],[90.4713,23.8473]]]},"properties":{"code":"gazipur","name_en":"Gazipur","name_bn":"গাজীপুর","division":"dhaka","division_bn":"ঢাকা"}},
{"type":"Feature","geometry":{"type":"Polygon","coordinates":[[[89.9438,22.8565],[89.967,22.8537],[89.9873,22.8658],[90.0184,22.871],[90.0348,22.9338],[90.0573,22.9326],[90.0688,22.9679],[90.0948,23.0068],[90.1267,23.0057],[90.1353,23.0498],[90.1159,23.0427],[90.1084,23.0769],[90.1091,23.1174],[90.0796,23.1132],[89.9928,23.1319],[89.9842,23.1105],[89.9361,23.1181],[89.9491,23.1623],[89.9628,23.1608],[89.9847,23.2182],[90.0234,23.2404],[90.0239,23.2883],[90.0038,23.3031],[89.9728,23.3487],[89.9498,23.358],[89.9503,23.3205],[89.93,23.3213],[89.8971,23.3423],[89.8754,23.3294],[89.8238,23.3458],[89.7948,23.3125],[89.7792,23.3113],[89.7312,23.2474],[89.7159,23.241],[89.688,23.2104],[89.679,23.1833],[89.6966,23.1622],[89.7335,23.1865],[89.7302,23.1585],[89.7386,23.1296],[89.7132,23.1161],[89.6951,23.1271],[89.6726,23.1231],[89.6906,23.0987],[89.73,23.0786],[89.7288,23.0601],[89.7468,23.0486],[89.757,23.0152],[89.7971,22.996],[89.7927,22.9795],[89.8064,22.9592],[89.801,22.9413],[89.865,22.9031],[89.8578,22.8864],[89.9195,22.8811],[89.9216,22.8646],[89.9438,22.8565]]]},"properties":{"code":"gopalganj","name_en":"Gopalganj","name_bn":"গোপালগঞ্জ","division":"dhaka","division_bn":"ঢাকা"}},
{"type":"Feature","geometry":{"type":"Polygon","coordinates":[[[91.3031,23.9971],[91.3412,23.9821],[91.3627,23.9833],[91.3908,24.0259],[91.3965,24.0498],[91.3771,24.08],[91.3745,24.1079],[91.4015,24.1116],[91.4308,24.1001],[91.4828,24.098],[91.4976,24.0874],[91.5442,24.0761],[91.5823,24.0736],[91.5984,24.0868],[91.6379,24.1031],[91.6344,24.1382],[91.6452,24.174],[91.6255,24.2115],[91.614,24.2859],[91.6315,24.3112],[91.6295,24.3446],[91.6032,24.3626],[91.6037,24.4171],[91.6199,24.4159],[91.6096,24.4799],[91.6134,24.5018],[91.6545,24.5463],[91.6293,24.5765],[91.6441,24.5963],[91.6676,24.6071],[91.6609,24.6259],[91.6403,24.6571],[91.6491,24.675],[91.5684,24.6644],[91.5448,24.6548],[91.4842,24.671],[91.4674,24.6612],[91.438,24.6618],[91.4288,24.6822],[91.4003,24.6707],[91.3716,24.6906],[91.3506,24.6675],[91.3128,24.6465],[91.2903,24.5954],[91.234,24.569],[91.2109,24.5209],[91.191,24.5008],[91.193,24.4813],[91.2262,24.4825],[91.237,24.4607],[91.2375,24.4068],[91.2426,24.3795],[91.2126,24.3587],[91.2346,24.3326],[91.2283,24.3151],[91.1766,24.321],[91.1596,24.2929],[91.1851,24.2928],[91.1931,24.2798],[91.1736,24.2652],[91.1949,24.2398],[91.2703,24.224],[91.3017,24.2664],[91.3252,24.2604],[91.3284,24.2423],[91.2981,24.2137],[91.3148,24.1929],[91.2772,24.1815],[91.2691,24.097],[91.2931,24.0935],[91.2841,24.0608],[91.3041,24.0563],[91.3124,24.0287],[91.3031,23.9971]]]},"properties":{"code":"habiganj","name_en":"Habiganj","name_bn":"হবিগঞ্জ","division":"sylhet","division_bn":"সিলেট"}},
{"type":"Feature","geometry":{"type":"Polygon","coordinates":[[[89.7153,24.7773],[89.7351,24.7657],[89.78,24.7652],[89.7909,24.7352],[89.7724,24.724],[89.7992,24.68],[89.7833,24.6692],[89.785,24.6258],[89.765,24.6138],[89.7891,24.5723],[89.8087,24.5677],[89.8421,24.6147],[89.8781,24.679],[89.8941,24.6963],[89.88,24.7083],[89.8782,24.7315],[89.9074,24.7345],[89.9354,24.7555],[89.958,24.7443],[89.9717,24.7242],[90.0204,24.7547],[90.0322,24.777],[90.0488,24.774],[90.0758,24.7879],[90.1345,24.7827],[90.158,24.7922],[90.1588,24.8128],[90.1956,24.8604],[90.1949,24.8853],[90.1327,24.8989],[90.1087,24.9085],[90.0666,24.906],[90.0055,24.913],[89.956,24.9244],[89.9377,24.9595],[89.9083,24.9548],[89.9045,24.9856],[89.8798,25.0199],[89.9158,25.0522],[89.9146,25.0892],[89.8947,25.1165],[89.9037,25.1672],[89.8872,25.1822],[89.9062,25.266],[89.9313,25.2607],[89.9317,25.286],[89.9482,25.2937],[89.9091,25.3082],[89.8765,25.2854],[89.8316,25.2957],[89.8405,25.319],[89.8214,25.3556],[89.8256,25.4152],[89.7865,25.4285],[89.7803,25.388],[89.7444,25.374],[89.7218,25.3563],[89.7316,25.344],[89.7449,25.2987],[89.7489,25.2364],[89.7012,25.2322],[89.672,25.1697],[89.6529,25.1416],[89.6531,25.078],[89.6478,25.0467],[89.6609,25.0078],[89.6613,24.9874],[89.6765,24.9658],[89.6724,24.9285],[89.6834,24.9157],[89.6608,24.8881],[89.6849,24.8284],[89.7303,24.7984],[89.7153,24.7773]]]},"properties":{"code":"jamalpur","name_en":"Jamalpur","name_bn":"জামালপুর","division":"mymensingh","division_bn":"ময়মনসিংহ"}},
{"type":"Feature","geometry":{"type":"Polygon","coordinates":[[[89.2581,23.3705],[89.2428,23.3289],[89.2038,23.3102],[89.2006,23.2922],[89.1708,23.2906],[89.1304,23.274],[89.1068,23.2853],[89.0915,23.3034],[89.0649,23.3127],[89.0515,23.3573],[88.9783,23.3409],[88.9654,23.3304],[88.9667,23.2981],[88.9576,23.2851],[88.9335,23.2872],[88.8904,23.2311],[88.9422,23.2064],[88.9755,23.2246],[88.9853,23.2],[88.939,23.1769],[88.8998,23.1122],[88.8684,23.1012],[88.861,23.0774],[88.8841,23.0406],[88.8722,23.0177],[88.855,22.9591],[88.8941,22.9525],[88.8906,22.9274],[88.9086,22.9192],[88.9419,22.9125],[88.9756,22.9221],[88.9925,22.9447],[89.0128,22.9468],[89.0344,22.9303],[89.0575,22.9359],[89.0963,22.9233],[89.1254,22.9279],[89.1113,22.8883],[89.1289,22.8678],[89.1228,22.8534],[89.1372,22.8275],[89.1542,22.832],[89.1683,22.8168],[89.2015,22.8124],[89.2467,22.8356],[89.2669,22.8516],[89.2963,22.8428],[89.3527,22.8346],[89.356,22.8847],[89.341,22.9203],[89.3849,22.9318],[89.4063,22.9568],[89.4271,22.962],[89.43,22.9947],[89.4602,23.0077],[89.4776,22.9775],[89.4827,22.9527],[89.5137,22.9275],[89.5628,22.9707],[89.5605,22.9838],[89.5347,22.9967],[89.4896,23.0377],[89.4675,23.0327],[89.444,23.0547],[89.4387,23.1119],[89.4166,23.0831],[89.3849,23.0858],[89.3896,23.1065],[89.3782,23.1356],[89.4193,23.1404],[89.416,23.174],[89.4233,23.1837],[89.4178,23.2297],[89.4256,23.2587],[89.3937,23.2825],[89.3633,23.2961],[89.3481,23.2845],[89.3258,23.2983],[89.2581,23.3705]]]},"properties":{"code":"jashore","name_en":"Jashore","name_bn":"যশোর","division":"khulna","division_bn":"খুলনা"}},
{"type":"Feature","geometry":{"type":"Polygon","coordinates":[[[90.1905,22.4795],[90.2068,22.4998],[90.2275,22.5057],[90.2846,22.5512],[90.3048,22.5592],[90.3112,22.5783],[90.3634,22.5806],[90.3797,22.6098],[90.3498,22.6517],[90.2994,22.6856],[90.2739,22.6901],[90.2705,22.7318],[90.2551,22.7527],[90.231,22.7509],[90.1922,22.7865],[90.1772,22.7527],[90.1877,22.7419],[90.1581,22.7196],[90.1382,22.6736],[90.117,22.6662],[90.0965,22.6396],[90.1101,22.6098],[90.1024,22.5963],[90.0559,22.5798],[90.0657,22.5528],[90.0629,22.5051],[90.079,22.4956],[90.1009,22.4996],[90.134,22.4869],[90.1007,22.4447],[90.0772,22.4399],[90.0363,22.4486],[90.0275,22.428],[90.0388,22.4023],[90.0228,22.3945],[90.019,22.3718],[90.0559,22.3568],[90.0509,22.3369],[90.0929,22.3445],[90.1156,22.3642],[90.1408,22.4045],[90.1753,22.431],[90.1748,22.4574],[90.1905,22.4795]]]},"properties":{"code":"jhalokati","name_en":"Jhalokati","name_bn":"ঝালকাঠি","division":"barishal","division_bn":"বরিশাল"}},
{"type":"Feature","geometry":{"type":"Polygon","coordinates":[[[88.7648,23.3704],[88.7476,23.3624],[88.7353,23.3382],[88.7498,23.3214],[88.7301,23.3096],[88.6962,23.3022],[88.7188,23.2549],[88.7539,23.2403],[88.7744,23.2246],[88.8042,23.2188],[88.8136,23.2522],[88.8537,23.2365],[88.8904,23.2311],[88.9335,23.2872],[88.9576,23.2851],[88.9667,23.2981],[88.9654,23.3304],[88.9783,23.3409],[89.0515,23.3573],[89.0649,23.3127],[89.0915,23.3034],[89.1068,23.2853],[89.1304,23.274],[89.1708,23.2906],[89.2006,23.2922],[89.2038,23.3102],[89.2428,23.3289],[89.2581,23.3705],[89.246,23.3925],[89.2553,23.413],[89.303,23.455],[89.307,23.4823],[89.2981,23.4976],[89.3034,23.5269],[89.3409,23.5889],[89.3665,23.6641],[89.3217,23.7028],[89.3122,23.7276],[89.2982,23.736],[89.2663,23.7429],[89.2509,23.7637],[89.2164,23.7599],[89.1841,23.7492],[89.1581,23.7223],[89.0968,23.728],[89.0828,23.758],[89.0518,23.7582],[89.0646,23.7342],[89.0374,23.6922],[89.0173,23.7087],[89.0069,23.6915],[89.0119,23.656],[89.0035,23.6032],[88.9844,23.5814],[88.9778,23.546],[88.9473,23.552],[88.9339,23.5322],[88.9469,23.5127],[88.9452,23.4819],[88.9294,23.4616],[88.9349,23.413],[88.9165,23.4059],[88.8776,23.4067],[88.8551,23.3746],[88.8169,23.3842],[88.7973,23.3708],[88.7648,23.3704]]]},"properties":{"code":"jhenaidah","name_en":"Jhenaidah","name_bn":"ঝিনাইদহ","division":"khulna","division_bn":"খুলনা"}},
{"type":"Feature","geometry":{"type":"Polygon","coordinates":[[[89.2801,25.0876],[89.2516,25.0973],[89.2313,25.1444],[89.1978,25.1708],[89.1946,25.2169],[89.2046,25.2285],[89.1675,25.2404],[89.1592,25.2529],[89.1229,25.253],[89.1062,25.2415],[89.029,25.2759],[89.0078,25.2677],[88.9839,25.2684],[88.9506,25.2441],[88.9578,25.2092],[88.9444,25.2062],[88.923,25.165],[88.9211,25.1319],[88.9363,25.1197],[88.9415,25.0978],[88.9311,25.0721],[88.9535,25.0556],[89.0165,25.0473],[89.0187,25.0262],[89.0024,24.9779],[89.0037,24.9012],[88.99,24.8594],[89.0354,24.8564],[89.0772,24.8688],[89.098,24.8914],[89.0847,24.9339],[89.0881,24.9607],[89.1101,24.966],[89.1219,24.9498],[89.188,24.955],[89.178,24.9727],[89.2046,25.0002],[89.2092,25.0151],[89.2429,25.0298],[89.2544,25.0677],[89.2801,25.0876]]]},"properties":{"code":"joypurhat","name_en":"Joypurhat","name_bn":"জয়পুরহাট","division":"rajshahi","division_bn":"রাজশাহী"}},
{"type":"Feature","geometry":{"type":"Polygon","coordinates":[[[91.9276,22.6887],[91.9625,22.691],[91.9666,22.7178],[92.0014,22.7268],[91.976,22.7864],[91.9807,22.8343],[92.0007,22.8423],[92.0189,22.884],[92.04,22.8844],[92.0593,22.9034],[92.0638,22.9239],[92.0824,22.9414],[92.1183,22.9586],[92.1047,23.0036],[92.0717,23.0727],[92.1153,23.0802],[92.1811,23.102],[92.1547,23.1508],[92.1302,23.2245],[92.1251,23.319],[92.0484,23.3657],[92.0907,23.398],[92.1202,23.413],[92.137,23.4304],[92.1241,23.5256],[92.1156,23.556],[92.0738,23.6476],[92.0403,23.6488],[92,23.6713],[91.9781,23.7333],[91.9569,23.7342],[91.952,23.6988],[91.9396,23.6753],[91.9422,23.6349],[91.9518,23.6007],[91.9726,23.4926],[91.9385,23.4635],[91.9427,23.4352],[91.8996,23.4407],[91.8605,23.4053],[91.8407,23.399],[91.8376,23.3709],[91.8052,23.3329],[91.7832,23.3245],[91.7623,23.3031],[91.7598,23.2838],[91.777,23.2694],[91.791,23.2269],[91.7967,23.1868],[91.81,23.1652],[91.8081,23.1392],[91.8175,23.1021],[91.8337,23.0956],[91.8183,23.0729],[91.7745,23.0697],[91.7744,23.0386],[91.7438,23.0066],[91.7131,22.9887],[91.7277,22.9454],[91.7164,22.8869],[91.7547,22.8621],[91.7554,22.8436],[91.7755,22.794],[91.7884,22.7779],[91.8185,22.7928],[91.8565,22.757],[91.887,22.7658],[91.8768,22.7178],[91.8833,22.6972],[91.9276,22.6887]]]},"properties":{"code":"khagrachhari","name_en":"Khagrachhari","name_bn":"খাগড়াছড়ি","division":"chattogram","division_bn":"চট্টগ্রাম"}},
{"type":"Feature","geometry":{"type":"MultiPolygon","coordinates":[[[[89.7492,22.9639],[89.6893,22.9767],[89.6059,22.9574],[89.5668,22.9915],[89.5605,22.9838],[89.5628,22.9707],[89.5137,22.9275],[89.4827,22.9527],[89.4776,22.9775],[89.4602,23.0077],[89.43,22.9947],[89.4271,22.962],[89.4063,22.9568],[89.3849,22.9318],[89.341,22.9203],[89.356,22.8847],[89.3527,22.8346],[89.2963,22.8428],[89.2669,22.8516],[89.2467,22.8356],[89.2456,22.8164],[89.2708,22.7906],[89.2987,22.788],[89.3106,22.7502],[89.3317,22.7288],[89.3006,22.683],[89.2864,22.6971],[89.2596,22.6943],[89.2623,22.6688],[89.3017,22.647],[89.2807,22.6357],[89.2509,22.6571],[89.2432,22.6104],[89.2649,22.5951],[89.2558,22.5704],[89.2342,22.5521],[89.2482,22.53],[89.2514,22.5071],[89.2805,22.4729],[89.2584,22.4668],[89.2408,22.4283],[89.2651,22.3759],[89.273,22.3461],[89.251,22.3394],[89.2757,22.3098],[89.2808,22.2882],[89.3124,22.2757],[89.292,22.2566],[89.3114,22.2316],[89.3057,22.2145],[89.3317,22.2117],[89.3407,22.1533],[89.33,22.136],[89.3796,22.1162],[89.4052,22.1303],[89.4062,22.1522],[89.429,22.1665],[89.4143,22.1844],[89.4106,22.1954],[89.3904,22.1998],[89.4022,22.209],[89.392,22.2204],[89.3989,22.2261],[89.41,22.22],[89.4191,22.2267],[89.4086,22.2478],[89.427,22.2824],[89.4111,22.2938],[89.4069,22.311],[89.4242,22.3315],[89.426,22.3678],[89.4705,22.3126],[89.4948,22.266],[89.4759,22.2323],[89.5117,22.1301],[89.5175,22.1013],[89.5352,22.0826],[89.5345,22.0631],[89.5102,22.0166],[89.532,21.9947],[89.5416,22.0098],[89.5607,22.0724],[89.5839,22.1248],[89.5452,22.186],[89.5508,22.2174],[89.5867,22.2433],[89.5792,22.2597],[89.5864,22.2886],[89.6045,22.3055],[89.6246,22.344],[89.6288,22.3659],[89.6193,22.4129],[89.5962,22.4467],[89.5841,22.5077],[89.57,22.5502],[89.5324,22.6091],[89.5524,22.6409],[89.5491,22.6614],[89.6004,22.7283],[89.6112,22.774],[89.6471,22.7633],[89.6758,22.8126],[89.7112,22.8254],[89.7178,22.8484],[89.6987,22.8649],[89.7297,22.9239],[89.7511,22.9457],[89.7492,22.9639]]],[[[89.3842,21.8729],[89.3647,21.847],[89.3485,21.8056],[89.3601,21.7518],[89.3835,21.7271],[89.4143,21.7258],[89.4728,21.7895],[89.4733,21.8078],[89.4484,21.8475],[89.4011,21.85],[89.3842,21.8729]]],[[[89.3358,21.7895],[89.3373,21.8171],[89.3503,21.8343],[89.3568,21.8804],[89.3145,21.8576],[89.3093,21.8414],[89.3358,21.7895]]],[[[89.4036,21.9217],[89.3814,21.9224],[89.382,21.879],[89.4036,21.8502],[89.4239,21.8652],[89.4456,21.869],[89.4501,21.8742],[89.4282,21.8848],[89.4202,21.8907],[89.4025,21.9141],[89.4036,21.9217]]],[[[89.4154,21.9861],[89.401,21.9808],[89.4021,21.9643],[89.3885,21.9591],[89.3808,21.964],[89.3746,21.953],[89.3969,21.9448],[89.4089,21.9265],[89.4034,21.9159],[89.4245,21.8899],[89.4477,21.8786],[89.4514,21.8746],[89.4507,21.871],[89.4387,21.8649],[89.4218,21.8623],[89.4284,21.8493],[89.4677,21.8575],[89.4713,21.9024],[89.4545,21.9019],[89.4387,21.9409],[89.4183,21.9653],[89.4154,21.9861]]],[[[89.489,21.998],[89.4712,22.0463],[89.4543,22.0506],[89.4423,22.0624],[89.4305,22.043],[89.4388,21.9901],[89.4219,21.9702],[89.4376,21.95],[89.4556,21.944],[89.4588,21.9082],[89.4986,21.9103],[89.5084,21.957],[89.489,21.998]]],[[[89.3902,22.0557],[89.3766,22.0635],[89.3537,22.0322],[89.3626,21.9597],[89.3855,21.9233],[89.3929,21.9441],[89.3755,21.9499],[89.3728,21.9559],[89.3798,21.9653],[89.4001,21.9645],[89.3991,21.9825],[89.4119,21.9886],[89.4328,21.9888],[89.4273,22.0265],[89.4018,22.0545],[89.3902,22.0557]]],[[[89.4958,22.0301],[89.517,22.0599],[89.5123,22.072],[89.4787,22.0503],[89.4958,22.0301]]],[[[89.473,22.0488],[89.5119,22.0767],[89.4892,22.0906],[89.4512,22.0712],[89.4539,22.0527],[89.473,22.0488]]],[[[89.5066,22.0923],[89.4957,22.1306],[89.4718,22.1219],[89.4894,22.0934],[89.5066,22.0923]]],[[[89.4431,22.1599],[89.4172,22.1589],[89.4042,22.1245],[89.3835,22.1162],[89.3893,22.0769],[89.3772,22.0661],[89.4261,22.0456],[89.4486,22.075],[89.4854,22.0899],[89.4589,22.1206],[89.4628,22.1431],[89.4431,22.1599]]],[[[89.3334,22.1244],[89.3272,22.1408],[89.3373,22.1515],[89.3318,22.1818],[89.2894,22.1505],[89.2806,22.1147],[89.3183,22.1085],[89.3445,22.0644],[89.3331,22.0546],[89.3044,22.0721],[89.2895,22.0615],[89.325,21.9928],[89.3496,21.9831],[89.342,22.019],[89.3473,22.0399],[89.3628,22.0521],[89.3824,22.0842],[89.3601,22.108],[89.3334,22.1244]]],[[[89.4575,22.2239],[89.4579,22.2466],[89.4196,22.226],[89.404,22.2136],[89.4029,22.2005],[89.4163,22.1937],[89.4179,22.1833],[89.4331,22.1664],[89.4622,22.1482],[89.4717,22.1677],[89.4591,22.1967],[89.4575,22.2239]]],[[[89.4574,22.2515],[89.4789,22.2725],[89.4488,22.3231],[89.4256,22.3271],[89.4097,22.3043],[89.4301,22.2896],[89.4198,22.2365],[89.4574,22.2515]]]]},"properties":{"code":"khulna","name_en":"Khulna","name_bn":"খুলনা","division":"khulna","division_bn":"খুলনা"}},
{"type":"Feature","geometry":{"type":"Polygon","coordinates":[[[91.1736,24.2652],[91.1931,24.2798],[91.1851,24.2928],[91.1596,24.2929],[91.1766,24.321],[91.2283,24.3151],[91.2346,24.3326],[91.2126,24.3587],[91.2426,24.3795],[91.2375,24.4068],[91.237,24.4607],[91.2262,24.4825],[91.193,24.4813],[91.191,24.5008],[91.2109,24.5209],[91.234,24.569],[91.206,24.577],[91.1952,24.6311],[91.1749,24.6431],[91.1273,24.6292],[91.1289,24.61],[91.0931,24.6016],[91.0732,24.619],[91.0456,24.6102],[91.03,24.63],[91.0102,24.6057],[90.9769,24.5995],[90.8569,24.5995],[90.8398,24.5799],[90.82,24.588],[90.7942,24.508],[90.7586,24.511],[90.7296,24.4767],[90.688,24.5091],[90.6801,24.4679],[90.6319,24.4787],[90.6159,24.4952],[90.5882,24.4969],[90.5738,24.4821],[90.5874,24.4481],[90.6336,24.4351],[90.646,24.4165],[90.6319,24.3585],[90.6186,24.3423],[90.6408,24.3065],[90.6493,24.258],[90.683,24.2443],[90.7331,24.2385],[90.7518,24.2516],[90.7815,24.2427],[90.7935,24.2188],[90.7861,24.1931],[90.8203,24.1723],[90.8252,24.1571],[90.8705,24.1315],[90.846,24.1116],[90.8911,24.0964],[90.9126,24.0749],[90.9444,24.0843],[90.9662,24.0628],[90.9596,24.0396],[90.986,24.0306],[91.0034,24.0467],[91.0416,24.0659],[91.0537,24.0929],[91.0432,24.1109],[91.0095,24.1288],[90.9851,24.1526],[91.0399,24.2118],[91.0903,24.2193],[91.0851,24.2411],[91.1338,24.2431],[91.1736,24.2652]]]},"properties":{"code":"kishoreganj","name_en":"Kishoreganj","name_bn":"কিশোরগঞ্জ","division":"dhaka","division_bn":"ঢাকা"}},
{"type":"Feature","geometry":{"type":"Polygon","coordinates":[[[89.7444,25.374],[89.7803,25.388],[89.7865,25.4285],[89.8256,25.4152],[89.8327,25.4389],[89.8523,25.4664],[89.8492,25.4925],[89.8602,25.5177],[89.8512,25.5387],[89.8659,25.5463],[89.8824,25.6173],[89.871,25.6626],[89.835,25.7159],[89.829,25.7425],[89.8413,25.7591],[89.8258,25.8112],[89.8352,25.8408],[89.8325,25.8707],[89.8785,25.9243],[89.887,25.9453],[89.8253,25.9456],[89.843,25.964],[89.8718,25.9742],[89.8476,26.0008],[89.8219,26.01],[89.7987,26.0597],[89.7831,26.1061],[89.7578,26.1151],[89.7631,26.1372],[89.7436,26.1594],[89.6972,26.1586],[89.6978,26.17],[89.6734,26.2058],[89.6338,26.2303],[89.6394,26.1998],[89.6321,26.1808],[89.6128,26.178],[89.6024,26.1268],[89.6274,26.1141],[89.6367,26.0754],[89.5787,26.0264],[89.5862,25.9943],[89.5778,25.9694],[89.5409,25.9696],[89.5377,25.9943],[89.5212,26.0087],[89.4812,25.9975],[89.4725,25.9762],[89.482,25.9618],[89.5116,25.9441],[89.5175,25.9175],[89.5544,25.8773],[89.5327,25.8685],[89.5331,25.8166],[89.5059,25.8052],[89.4747,25.8267],[89.4628,25.8229],[89.4592,25.7864],[89.5004,25.7459],[89.5191,25.6784],[89.5142,25.6598],[89.5359,25.649],[89.5489,25.626],[89.5363,25.5905],[89.5665,25.5846],[89.5873,25.5565],[89.6159,25.5692],[89.6675,25.5358],[89.6914,25.5378],[89.6761,25.4932],[89.685,25.4745],[89.7062,25.4596],[89.6937,25.4233],[89.6995,25.3938],[89.7397,25.3977],[89.7444,25.374]]]},"properties":{"code":"kurigram","name_en":"Kurigram","name_bn":"কুড়িগ্রাম","division":"rangpur","division_bn":"রংপুর"}},
{"type":"Feature","geometry":{"type":"Polygon","coordinates":[[[89.0173,23.7087],[89.0374,23.6922],[89.0646,23.7342],[89.0518,23.7582],[89.0828,23.758],[89.0968,23.728],[89.1581,23.7223],[89.1841,23.7492],[89.2164,23.7599],[89.2509,23.7637],[89.2663,23.7429],[89.2982,23.736],[89.3158,23.748],[89.3302,23.7785],[89.3365,23.8287],[89.3513,23.8411],[89.3554,23.8859],[89.3124,23.8743],[89.3039,23.8888],[89.2625,23.9097],[89.2359,23.946],[89.237,23.9729],[89.2163,23.9885],[89.1777,23.9874],[89.1798,23.9633],[89.1483,23.9506],[89.127,23.9622],[89.0986,23.9599],[89.0728,23.9779],[89.0481,24.0196],[89.0265,24.0917],[89.0067,24.1181],[88.9499,24.1251],[88.9397,24.1321],[88.8848,24.1017],[88.8607,24.1118],[88.8437,24.1259],[88.8173,24.1211],[88.7873,24.133],[88.7572,24.1618],[88.7334,24.1939],[88.7315,24.1717],[88.7464,24.1472],[88.7085,24.1201],[88.7277,24.1009],[88.7268,24.0531],[88.7422,24.0334],[88.7288,23.9967],[88.7572,24.0067],[88.769,23.9842],[88.7396,23.9846],[88.7345,23.963],[88.7908,23.9755],[88.8097,23.9667],[88.8281,23.9385],[88.8498,23.9342],[88.8734,23.9087],[88.872,23.879],[88.859,23.8327],[88.9222,23.8164],[88.9299,23.7915],[88.9576,23.809],[88.9767,23.789],[89.0041,23.778],[89.0076,23.7228],[89.0173,23.7087]]]},"properties":{"code":"kushtia","name_en":"Kushtia","name_bn":"কুষ্টিয়া","division":"khulna","division_bn":"খুলনা"}},
{"type":"Feature","geometry":{"type":"MultiPolygon","coordinates":[[[[90.6439,22.8367],[90.6563,22.8448],[90.6514,22.8481],[90.6439,22.8367]]],[[[90.9321,22.497],[90.9765,22.522],[90.9511,22.5473],[90.8938,22.5603],[90.9321,22.497]]],[[[90.6465,22.9844],[90.669,22.9646],[90.7214,22.8801],[90.7361,22.8904],[90.7603,22.8712],[90.7815,22.8354],[90.7787,22.7845],[90.7958,22.7474],[90.8241,22.701],[90.8507,22.67],[90.8908,22.6602],[90.9454,22.6149],[91.0174,22.5682],[91.0144,22.5991],[90.9884,22.6393],[91.0009,22.6656],[91.0171,22.679],[91.0099,22.7052],[90.9808,22.7154],[90.9813,22.754],[90.9501,22.7777],[90.89,22.811],[90.9267,22.8139],[90.9451,22.8447],[90.9395,22.8563],[90.9864,22.8786],[90.9813,22.9162],[91.0012,22.9562],[90.9988,22.9774],[90.966,22.9794],[90.8866,23.0256],[90.9145,23.0453],[90.906,23.0724],[90.9395,23.0837],[90.9415,23.1015],[90.9618,23.131],[90.9031,23.1549],[90.8791,23.1739],[90.8466,23.1669],[90.8511,23.1541],[90.796,23.1181],[90.7898,23.0853],[90.7521,23.0676],[90.7309,23.0419],[90.6874,23.0632],[90.6627,23.051],[90.6628,23.0076],[90.6465,22.9844]]]]},"properties":{"code":"lakshmipur","name_en":"Lakshmipur","name_bn":"লক্ষ্মীপুর","division":"chattogram","division_bn":"চট্টগ্রাম"}},
{"type":"Feature","geometry":{"type":"MultiPolygon","coordinates":[[[[89.4812,25.9975],[89.4616,25.9985],[89.4274,26.0132],[89.4295,26.0435],[89.4063,26.0407],[89.3858,26.0109],[89.3464,26.0116],[89.3279,26.0333],[89.2544,26.0642],[89.2625,26.0941],[89.2197,26.1266],[89.1929,26.1239],[89.1553,26.1387],[89.1355,26.1874],[89.1485,26.2064],[89.1252,26.2636],[89.1049,26.2756],[89.1316,26.2974],[89.1362,26.3202],[89.0936,26.3259],[89.0983,26.359],[89.0858,26.3629],[89.0844,26.3984],[89.0394,26.4003],[89.0059,26.4215],[88.9829,26.4211],[88.9832,26.4466],[88.9461,26.448],[88.9281,26.433],[88.9265,26.4069],[88.911,26.3682],[88.9473,26.3607],[88.9774,26.3471],[88.994,26.32],[88.9849,26.3006],[89.0209,26.2973],[89.0625,26.2596],[89.046,26.2408],[89.0189,26.2422],[89.0361,26.2204],[89.0229,26.1925],[89.0372,26.1744],[89.0729,26.1705],[89.098,26.1463],[89.0903,26.1153],[89.0904,26.0599],[89.1122,25.9936],[89.1418,25.9642],[89.2028,25.9394],[89.2348,25.9047],[89.2818,25.8962],[89.3344,25.8375],[89.3706,25.8175],[89.3924,25.7961],[89.4592,25.7864],[89.4628,25.8229],[89.4747,25.8267],[89.5059,25.8052],[89.5331,25.8166],[89.5327,25.8685],[89.5544,25.8773],[89.5175,25.9175],[89.5116,25.9441],[89.482,25.9618],[89.4725,25.9762],[89.4812,25.9975]]],[[[89.142,26.2695],[89.1426,26.2418],[89.1698,26.2446],[89.1716,26.2633],[89.142,26.2695]]],[[[88.9278,26.3355],[88.9181,26.3257],[88.9545,26.2747],[88.9608,26.295],[88.9384,26.335],[88.9278,26.3355]]]]},"properties":{"code":"lalmonirhat","name_en":"Lalmonirhat","name_bn":"লালমনিরহাট","division":"rangpur","division_bn":"রংপুর"}},
{"type":"Feature","geometry":{"type":"Polygon","coordinates":[[[90.3488,23.0567],[90.3443,23.0764],[90.3524,23.1042],[90.3436,23.1401],[90.3092,23.1323],[90.2924,23.1454],[90.286,23.1929],[90.2472,23.2165],[90.242,23.2466],[90.2277,23.2634],[90.244,23.3168],[90.2472,23.3432],[90.2356,23.3696],[90.2584,23.3863],[90.2217,23.3987],[90.2403,23.4252],[90.2693,23.4273],[90.2814,23.4465],[90.2477,23.4615],[90.182,23.498],[90.1616,23.4733],[90.1107,23.4563],[90.0878,23.3669],[90.1023,23.3333],[90.0928,23.3123],[90.0676,23.3052],[90.0341,23.3406],[90.0239,23.2883],[90.0234,23.2404],[89.9847,23.2182],[89.9628,23.1608],[89.9491,23.1623],[89.9361,23.1181],[89.9842,23.1105],[89.9928,23.1319],[90.0796,23.1132],[90.1091,23.1174],[90.1084,23.0769],[90.1159,23.0427],[90.1353,23.0498],[90.165,23.0676],[90.1948,23.0545],[90.2138,23.0699],[90.2367,23.0447],[90.2299,22.9795],[90.2664,22.9702],[90.3199,22.9815],[90.3294,23.0074],[90.3145,23.0353],[90.3158,23.0529],[90.3488,23.0567]]]},"properties":{"code":"madaripur","name_en":"Madaripur","name_bn":"মাদারীপুর","division":"dhaka","division_bn":"ঢাকা"}},
{"type":"Feature","geometry":{"type":"Polygon","coordinates":[[[89.4973,23.5791],[89.4704,23.5995],[89.4822,23.62],[89.47,23.6348],[89.4423,23.6388],[89.4395,23.6588],[89.412,23.6815],[89.3665,23.6641],[89.3409,23.5889],[89.3034,23.5269],[89.2981,23.4976],[89.307,23.4823],[89.303,23.455],[89.2553,23.413],[89.246,23.3925],[89.2581,23.3705],[89.3258,23.2983],[89.3481,23.2845],[89.3633,23.2961],[89.3937,23.2825],[89.4256,23.2587],[89.4551,23.2572],[89.4637,23.284],[89.479,23.2994],[89.5245,23.2782],[89.5342,23.3032],[89.5601,23.3204],[89.6046,23.321],[89.6177,23.3044],[89.6033,23.3413],[89.616,23.3966],[89.6069,23.4208],[89.6076,23.463],[89.6006,23.4788],[89.5724,23.4981],[89.5003,23.5198],[89.5375,23.5361],[89.4995,23.5578],[89.4973,23.5791]]]},"properties":{"code":"magura","name_en":"Magura","name_bn":"মাগুরা","division":"khulna","division_bn":"খুলনা"}},
{"type":"Feature","geometry":{"type":"Polygon","coordinates":[[[90.0076,24.0114],[89.99,24.0049],[89.9684,24.0302],[89.9055,23.988],[89.8663,23.9916],[89.869,23.9713],[89.8266,23.9813],[89.7644,23.9782],[89.7856,24.0098],[89.7852,24.0352],[89.7588,24.0222],[89.7216,24.0135],[89.6993,23.9973],[89.6914,23.9761],[89.6928,23.9427],[89.7122,23.8584],[89.7327,23.8354],[89.7709,23.8333],[89.7809,23.7977],[89.8358,23.751],[89.8649,23.7189],[89.8977,23.6737],[89.9381,23.6539],[90.0077,23.6349],[90.0205,23.6656],[90.0379,23.6849],[90.0512,23.7256],[90.1008,23.7301],[90.1147,23.7172],[90.1373,23.7461],[90.159,23.7261],[90.2053,23.7261],[90.2179,23.7118],[90.2542,23.7217],[90.2197,23.7521],[90.2477,23.8097],[90.2396,23.8321],[90.2187,23.8402],[90.1854,23.8183],[90.1509,23.8342],[90.108,23.8958],[90.0666,23.9169],[90.0604,23.9577],[90.038,23.9717],[90.0502,23.989],[90.043,24.0045],[90.0076,24.0114]]]},"properties":{"code":"manikganj","name_en":"Manikganj","name_bn":"মানিকগঞ্জ","division":"dhaka","division_bn":"ঢাকা"}},
{"type":"Feature","geometry":{"type":"Polygon","coordinates":[[[91.6452,24.174],[91.6601,24.1897],[91.6805,24.1892],[91.6844,24.1663],[91.7283,24.1434],[91.7598,24.1455],[91.745,24.2471],[91.7914,24.2199],[91.8238,24.2102],[91.843,24.2204],[91.851,24.182],[91.8739,24.1746],[91.8786,24.1463],[91.8903,24.1366],[91.9127,24.1547],[91.9113,24.1683],[91.9407,24.2682],[91.9199,24.3376],[91.9567,24.3568],[91.977,24.3276],[91.9968,24.3369],[91.9781,24.3575],[91.9704,24.3847],[92.044,24.375],[92.0961,24.3729],[92.1161,24.3809],[92.1314,24.4068],[92.1675,24.4272],[92.1504,24.4954],[92.1618,24.5276],[92.1925,24.5183],[92.2125,24.5038],[92.231,24.531],[92.2353,24.5976],[92.2596,24.6874],[92.2959,24.7366],[92.2812,24.7424],[92.2878,24.7793],[92.273,24.8003],[92.2692,24.83],[92.2508,24.8362],[92.2435,24.8195],[92.2131,24.8132],[92.1934,24.7984],[92.1941,24.7684],[92.1745,24.7735],[92.0994,24.7566],[92.0829,24.7328],[92.0468,24.6972],[92.0299,24.6983],[92.029,24.6523],[91.9951,24.6551],[91.9736,24.6393],[91.9309,24.6576],[91.8884,24.6472],[91.8661,24.6574],[91.8465,24.6444],[91.8282,24.6536],[91.7271,24.5934],[91.6842,24.6061],[91.6609,24.6259],[91.6676,24.6071],[91.6441,24.5963],[91.6293,24.5765],[91.6545,24.5463],[91.6134,24.5018],[91.6096,24.4799],[91.6199,24.4159],[91.6037,24.4171],[91.6032,24.3626],[91.6295,24.3446],[91.6315,24.3112],[91.614,24.2859],[91.6255,24.2115],[91.6452,24.174]]]},"properties":{"code":"moulvibazar","name_en":"Moulvibazar","name_bn":"মৌলভীবাজার","division":"sylhet","division_bn":"সিলেট"}},
{"type":"Feature","geometry":{"type":"Polygon","coordinates":[[[88.859,23.8327],[88.872,23.879],[88.8734,23.9087],[88.8498,23.9342],[88.8281,23.9385],[88.8097,23.9667],[88.7908,23.9755],[88.7345,23.963],[88.7402,23.9373],[88.7354,23.9147],[88.7063,23.9164],[88.6675,23.8696],[88.5874,23.8716],[88.587,23.8295],[88.6009,23.8206],[88.5916,23.7976],[88.5714,23.7833],[88.5807,23.7593],[88.5647,23.7132],[88.5738,23.6668],[88.5622,23.6372],[88.5937,23.6409],[88.5938,23.617],[88.621,23.6028],[88.6381,23.6104],[88.6542,23.6504],[88.6865,23.6597],[88.7738,23.6998],[88.7885,23.7675],[88.8138,23.7736],[88.8321,23.8143],[88.859,23.8327]]]},"properties":{"code":"meherpur","name_en":"Meherpur","name_bn":"মেহেরপুর","division":"khulna","division_bn":"খুলনা"}},
{"type":"Feature","geometry":{"type":"Polygon","coordinates":[[[90.6878,23.4925],[90.7108,23.5157],[90.6873,23.5574],[90.6459,23.5856],[90.6662,23.5963],[90.6531,23.6204],[90.63,23.6208],[90.6152,23.6042],[90.5735,23.5973],[90.5593,23.5738],[90.5794,23.5398],[90.5649,23.5344],[90.5453,23.5605],[90.5183,23.5731],[90.475,23.5664],[90.4567,23.5515],[90.4313,23.5622],[90.44,23.597],[90.4302,23.6086],[90.3905,23.6499],[90.3683,23.6527],[90.3556,23.6398],[90.3315,23.6417],[90.2862,23.6739],[90.2496,23.6545],[90.2473,23.6335],[90.2088,23.5892],[90.2046,23.565],[90.1775,23.5515],[90.1765,23.5268],[90.1583,23.5221],[90.182,23.498],[90.2477,23.4615],[90.2814,23.4465],[90.3017,23.4516],[90.3221,23.4378],[90.3602,23.43],[90.4217,23.4013],[90.432,23.4163],[90.4987,23.4044],[90.5387,23.3793],[90.5419,23.3992],[90.5705,23.4372],[90.5843,23.4806],[90.6413,23.5037],[90.6878,23.4925]]]},"properties":{"code":"munshiganj","name_en":"Munshiganj","name_bn":"মুন্সীগঞ্জ","division":"dhaka","division_bn":"ঢাকা"}},
{"type":"Feature","geometry":{"type":"Polygon","coordinates":[[[90.6493,24.258],[90.6408,24.3065],[90.6186,24.3423],[90.6319,24.3585],[90.646,24.4165],[90.6336,24.4351],[90.5874,24.4481],[90.5738,24.4821],[90.5882,24.4969],[90.6159,24.4952],[90.6319,24.4787],[90.6801,24.4679],[90.688,24.5091],[90.7296,24.4767],[90.7586,24.511],[90.7942,24.508],[90.82,24.588],[90.7968,24.5755],[90.794,24.6059],[90.757,24.6105],[90.7583,24.6374],[90.722,24.6492],[90.7006,24.6757],[90.6959,24.7001],[90.7153,24.7525],[90.6955,24.7715],[90.7114,24.7972],[90.6829,24.8026],[90.6561,24.7921],[90.6246,24.7955],[90.6053,24.8137],[90.57,24.8126],[90.5684,24.8853],[90.5332,24.8959],[90.5382,24.9373],[90.5127,24.9516],[90.5174,24.9731],[90.503,25.0021],[90.5007,25.0319],[90.5451,25.0154],[90.5499,25.0418],[90.5855,25.0268],[90.6128,25.0536],[90.5904,25.0817],[90.6109,25.1296],[90.614,25.1742],[90.5259,25.1739],[90.4508,25.1525],[90.441,25.1446],[90.4044,25.16],[90.3705,25.1629],[90.3302,25.1939],[90.3104,25.1889],[90.2642,25.1964],[90.2596,25.1623],[90.2689,25.1482],[90.2624,25.0983],[90.2934,25.0775],[90.2795,25.0561],[90.2492,25.0623],[90.2323,25.0422],[90.2411,25.0082],[90.2289,24.9666],[90.2352,24.9341],[90.2456,24.9254],[90.2357,24.8862],[90.1949,24.8853],[90.1956,24.8604],[90.1588,24.8128],[90.158,24.7922],[90.1345,24.7827],[90.0758,24.7879],[90.0966,24.7535],[90.0904,24.7372],[90.1273,24.7385],[90.1266,24.7179],[90.1479,24.65],[90.1442,24.6236],[90.1247,24.5963],[90.168,24.5355],[90.1743,24.5178],[90.2089,24.5087],[90.2273,24.4832],[90.2112,24.4616],[90.2293,24.4199],[90.249,24.4153],[90.2288,24.3476],[90.2567,24.3104],[90.265,24.2887],[90.2905,24.2778],[90.3254,24.2992],[90.3625,24.281],[90.4024,24.2827],[90.4281,24.3102],[90.4264,24.3305],[90.458,24.3389],[90.4876,24.3142],[90.512,24.3118],[90.5211,24.2877],[90.5442,24.2661],[90.5796,24.2465],[90.6218,24.2686],[90.6493,24.258]]]},"properties":{"code":"mymensingh","name_en":"Mymensingh","name_bn":"ময়মনসিংহ","division":"mymensingh","division_bn":"ময়মনসিংহ"}},
{"type":"Feature","geometry":{"type":"Polygon","coordinates":[[[88.99,24.8594],[89.0037,24.9012],[89.0024,24.9779],[89.0187,25.0262],[89.0165,25.0473],[88.9535,25.0556],[88.9311,25.0721],[88.9415,25.0978],[88.9363,25.1197],[88.9211,25.1319],[88.923,25.165],[88.9126,25.178],[88.8758,25.179],[88.8649,25.2007],[88.8304,25.2055],[88.8133,25.1744],[88.793,25.1727],[88.7333,25.2],[88.68,25.209],[88.6727,25.1985],[88.6202,25.2053],[88.5796,25.1769],[88.5599,25.191],[88.5006,25.2034],[88.4754,25.2135],[88.4634,25.195],[88.4421,25.1842],[88.4592,25.161],[88.4603,25.1386],[88.4414,25.1276],[88.4511,25.0753],[88.4349,25.0561],[88.4456,25.0275],[88.4369,25.0091],[88.4146,24.9953],[88.4167,24.9739],[88.3951,24.9647],[88.4342,24.9609],[88.4319,24.9287],[88.4713,24.9381],[88.4929,24.9247],[88.4859,24.9035],[88.4903,24.8801],[88.4759,24.863],[88.4222,24.8478],[88.4018,24.8237],[88.4491,24.8223],[88.43,24.7936],[88.473,24.7626],[88.4626,24.732],[88.4937,24.7391],[88.5056,24.7186],[88.546,24.7005],[88.6245,24.6955],[88.6326,24.6214],[88.6827,24.637],[88.7026,24.6382],[88.7014,24.6619],[88.7353,24.6638],[88.7427,24.6835],[88.7707,24.6676],[88.7947,24.6861],[88.8141,24.6746],[88.8109,24.6581],[88.8546,24.6584],[88.8743,24.6374],[88.9095,24.6433],[88.9337,24.5884],[88.9633,24.5836],[89.0095,24.5656],[89.0161,24.5497],[89.0526,24.5342],[89.0791,24.5333],[89.1039,24.5624],[89.0951,24.5945],[89.0972,24.6326],[89.1352,24.6545],[89.138,24.684],[89.1312,24.6993],[89.1508,24.7384],[89.1071,24.7153],[89.0818,24.7645],[89.0472,24.79],[88.9972,24.7664],[88.9898,24.7435],[88.9676,24.7452],[88.9774,24.8027],[88.9699,24.8233],[88.9773,24.8535],[88.99,24.8594]]]},"properties":{"code":"naogaon","name_en":"Naogaon","name_bn":"নওগাঁ","division":"rajshahi","division_bn":"রাজশাহী"}},
{"type":"Feature","geometry":{"type":"Polygon","coordinates":[[[89.801,22.9413],[89.8064,22.9592],[89.7927,22.9795],[89.7971,22.996],[89.757,23.0152],[89.7468,23.0486],[89.7288,23.0601],[89.73,23.0786],[89.6906,23.0987],[89.6726,23.1231],[89.6951,23.1271],[89.7132,23.1161],[89.7386,23.1296],[89.7302,23.1585],[89.7335,23.1865],[89.6966,23.1622],[89.679,23.1833],[89.688,23.2104],[89.6704,23.2442],[89.6418,23.2325],[89.6368,23.2616],[89.6529,23.2888],[89.6303,23.29],[89.6177,23.3044],[89.6046,23.321],[89.5601,23.3204],[89.5342,23.3032],[89.5245,23.2782],[89.479,23.2994],[89.4637,23.284],[89.4551,23.2572],[89.4256,23.2587],[89.4178,23.2297],[89.4233,23.1837],[89.416,23.174],[89.4193,23.1404],[89.3782,23.1356],[89.3896,23.1065],[89.3849,23.0858],[89.4166,23.0831],[89.4387,23.1119],[89.444,23.0547],[89.4675,23.0327],[89.4896,23.0377],[89.5347,22.9967],[89.5605,22.9838],[89.5668,22.9915],[89.6059,22.9574],[89.6893,22.9767],[89.7492,22.9639],[89.7798,22.9834],[89.801,22.9413]]]},"properties":{"code":"narail","name_en":"Narail","name_bn":"নড়াইল","division":"khulna","division_bn":"খুলনা"}},
{"type":"Feature","geometry":{"type":"Polygon","coordinates":[[[90.7346,23.7628],[90.7412,23.7875],[90.7146,23.7993],[90.67,23.7942],[90.6482,23.801],[90.6365,23.8243],[90.6512,23.8621],[90.5707,23.895],[90.5542,23.8861],[90.517,23.8879],[90.5023,23.8579],[90.4713,23.8473],[90.4866,23.8261],[90.4805,23.7924],[90.4899,23.736],[90.5128,23.7096],[90.4539,23.6776],[90.4484,23.6653],[90.472,23.6388],[90.4302,23.6086],[90.44,23.597],[90.4313,23.5622],[90.4567,23.5515],[90.475,23.5664],[90.5183,23.5731],[90.5453,23.5605],[90.5649,23.5344],[90.5794,23.5398],[90.5593,23.5738],[90.5735,23.5973],[90.6152,23.6042],[90.63,23.6208],[90.6403,23.6748],[90.6765,23.68],[90.6979,23.6661],[90.7328,23.6671],[90.7411,23.6926],[90.7249,23.7184],[90.7231,23.7453],[90.7346,23.7628]]]},"properties":{"code":"narayanganj","name_en":"Narayanganj","name_bn":"নারায়ণগঞ্জ","division":"dhaka","division_bn":"ঢাকা"}},
{"type":"Feature","geometry":{"type":"Polygon","coordinates":[[[90.986,24.0306],[90.9596,24.0396],[90.9662,24.0628],[90.9444,24.0843],[90.9126,24.0749],[90.8911,24.0964],[90.846,24.1116],[90.8705,24.1315],[90.8252,24.1571],[90.8203,24.1723],[90.7861,24.1931],[90.7935,24.2188],[90.7815,24.2427],[90.7518,24.2516],[90.7331,24.2385],[90.683,24.2443],[90.6717,24.2048],[90.6863,24.1895],[90.6866,24.1456],[90.6768,24.1188],[90.6997,24.1013],[90.6388,24.0982],[90.6353,24.0708],[90.657,24.0266],[90.6181,23.9684],[90.6161,23.9356],[90.5707,23.895],[90.6512,23.8621],[90.6365,23.8243],[90.6482,23.801],[90.67,23.7942],[90.7146,23.7993],[90.7412,23.7875],[90.7346,23.7628],[90.7662,23.8031],[90.7622,23.8601],[90.7811,23.8659],[90.8286,23.8642],[90.8581,23.879],[90.8948,23.8632],[90.9092,23.868],[90.9312,23.9114],[90.9504,23.9264],[90.9531,23.9539],[90.9727,23.9693],[90.9659,24.0054],[90.986,24.0306]]]},"properties":{"code":"narsingdi","name_en":"Narsingdi","name_bn":"নরসিংদী","division":"dhaka","division_bn":"ঢাকা"}},
{"type":"Feature","geometry":{"type":"Polygon","coordinates":[[[89.138,24.684],[89.1352,24.6545],[89.0972,24.6326],[89.0951,24.5945],[89.1039,24.5624],[89.0791,24.5333],[89.0526,24.5342],[89.0161,24.5497],[89.0095,24.5656],[88.9633,24.5836],[88.9611,24.5481],[88.9405,24.5359],[88.921,24.5445],[88.8966,24.535],[88.8932,24.4558],[88.9025,24.4195],[88.8902,24.383],[88.8919,24.3655],[88.8617,24.3636],[88.8468,24.3404],[88.8546,24.3108],[88.8782,24.2927],[88.9027,24.2903],[88.9,24.2711],[88.9153,24.2406],[88.8721,24.2272],[88.8762,24.2005],[88.8689,24.1746],[88.8956,24.1577],[88.8825,24.1301],[88.8607,24.1118],[88.8848,24.1017],[88.9397,24.1321],[88.9499,24.1251],[89.0067,24.1181],[89.0157,24.1437],[89.0519,24.1411],[89.1111,24.1659],[89.1561,24.1734],[89.175,24.2007],[89.2141,24.2106],[89.2417,24.2756],[89.2544,24.273],[89.2866,24.3048],[89.2872,24.3307],[89.3177,24.3418],[89.3186,24.3531],[89.2933,24.3648],[89.2851,24.4205],[89.2483,24.4329],[89.2754,24.4487],[89.284,24.4813],[89.3162,24.5144],[89.339,24.5595],[89.3274,24.5753],[89.3287,24.5992],[89.2683,24.63],[89.2525,24.6188],[89.2314,24.5833],[89.2031,24.613],[89.2041,24.6409],[89.1886,24.6516],[89.1462,24.6234],[89.1364,24.656],[89.1668,24.6708],[89.1633,24.6855],[89.138,24.684]]]},"properties":{"code":"natore","name_en":"Natore","name_bn":"নাটোর","division":"rajshahi","division_bn":"রাজশাহী"}},
{"type":"Feature","geometry":{"type":"Polygon","coordinates":[[[88.3951,24.9647],[88.395,24.9417],[88.3561,24.9463],[88.3247,24.9185],[88.3468,24.8925],[88.3268,24.8705],[88.2968,24.8883],[88.2649,24.8928],[88.2591,24.9263],[88.2262,24.9597],[88.1702,24.9505],[88.1403,24.9142],[88.1659,24.8635],[88.1123,24.8142],[88.1061,24.7797],[88.089,24.783],[88.0657,24.7508],[88.0628,24.7216],[88.0086,24.6679],[88.0412,24.6434],[88.1056,24.5463],[88.1495,24.5039],[88.1734,24.4931],[88.1913,24.4686],[88.2104,24.4578],[88.2633,24.446],[88.2917,24.4164],[88.3309,24.4476],[88.315,24.4617],[88.304,24.4939],[88.3121,24.5212],[88.3005,24.5649],[88.3183,24.5692],[88.3712,24.6028],[88.4103,24.609],[88.4283,24.6344],[88.4333,24.6637],[88.4897,24.6903],[88.4879,24.7065],[88.5056,24.7186],[88.4937,24.7391],[88.4626,24.732],[88.473,24.7626],[88.43,24.7936],[88.4491,24.8223],[88.4018,24.8237],[88.4222,24.8478],[88.4759,24.863],[88.4903,24.8801],[88.4859,24.9035],[88.4929,24.9247],[88.4713,24.9381],[88.4319,24.9287],[88.4342,24.9609],[88.3951,24.9647]]]},"properties":{"code":"chapainawabganj","name_en":"Chapainawabganj","name_bn":"চাঁপাইনবাবগঞ্জ","division":"rajshahi","division_bn":"রাজশাহী"}},
{"type":"Feature","geometry":{"type":"Polygon","coordinates":[[[91.1952,24.6311],[91.2099,24.6525],[91.23,24.6547],[91.2409,24.6916],[91.2124,24.7131],[91.1587,24.7249],[91.1352,24.7572],[91.1712,24.7799],[91.164,24.8018],[91.1707,24.827],[91.153,24.8375],[91.1426,24.8006],[91.1162,24.8065],[91.1203,24.8372],[91.1089,24.8716],[91.0784,24.9],[91.0156,24.8986],[90.9798,24.9172],[90.9533,24.9192],[90.9553,24.9395],[90.9732,24.9584],[90.9403,24.9861],[90.9389,25.0458],[90.9295,25.0573],[90.9527,25.1065],[90.9492,25.1373],[90.9703,25.1606],[90.9648,25.1719],[90.9279,25.1623],[90.8839,25.1668],[90.8498,25.1577],[90.8058,25.1661],[90.7946,25.1814],[90.7691,25.1827],[90.7392,25.1578],[90.708,25.1667],[90.6985,25.1569],[90.658,25.1853],[90.614,25.1742],[90.6109,25.1296],[90.5904,25.0817],[90.6128,25.0536],[90.5855,25.0268],[90.5499,25.0418],[90.5451,25.0154],[90.5007,25.0319],[90.503,25.0021],[90.5174,24.9731],[90.5127,24.9516],[90.5382,24.9373],[90.5332,24.8959],[90.5684,24.8853],[90.57,24.8126],[90.6053,24.8137],[90.6246,24.7955],[90.6561,24.7921],[90.6829,24.8026],[90.7114,24.7972],[90.6955,24.7715],[90.7153,24.7525],[90.6959,24.7001],[90.7006,24.6757],[90.722,24.6492],[90.7583,24.6374],[90.757,24.6105],[90.794,24.6059],[90.7968,24.5755],[90.82,24.588],[90.8398,24.5799],[90.8569,24.5995],[90.9769,24.5995],[91.0102,24.6057],[91.03,24.63],[91.0456,24.6102],[91.0732,24.619],[91.0931,24.6016],[91.1289,24.61],[91.1273,24.6292],[91.1749,24.6431],[91.1952,24.6311]]]},"properties":{"code":"netrokona","name_en":"Netrokona","name_bn":"নেত্রকোনা","division":"mymensingh","division_bn":"ময়মনসিংহ"}},
{"type":"Feature","geometry":{"type":"Polygon","coordinates":[[[88.9411,25.7343],[88.9441,25.7679],[88.9618,25.7843],[88.9483,25.81],[89.0487,25.8216],[89.0873,25.8459],[89.1026,25.8752],[89.1149,25.8814],[89.1029,25.9108],[89.1027,25.9451],[89.1169,25.9665],[89.1418,25.9642],[89.1122,25.9936],[89.0904,26.0599],[89.0903,26.1153],[89.098,26.1463],[89.0729,26.1705],[89.0372,26.1744],[89.0229,26.1925],[89.0361,26.2204],[89.0189,26.2422],[88.9531,26.2421],[88.9262,26.2839],[88.8758,26.2866],[88.8613,26.2727],[88.8716,26.2342],[88.8385,26.2322],[88.8135,26.2547],[88.8132,26.2885],[88.7935,26.3101],[88.7593,26.3041],[88.7664,26.2865],[88.7581,26.2614],[88.7629,26.2361],[88.7901,26.2304],[88.7975,26.2148],[88.7825,26.1816],[88.7836,26.1326],[88.7892,26.1235],[88.7672,26.0878],[88.7788,26.0624],[88.7547,26.0224],[88.735,26.0147],[88.7482,25.9773],[88.7437,25.965],[88.7595,25.939],[88.8015,25.922],[88.8015,25.9005],[88.8277,25.8538],[88.8276,25.8132],[88.867,25.7711],[88.8898,25.7708],[88.8976,25.7353],[88.9411,25.7343]]]},"properties":{"code":"nilphamari","name_en":"Nilphamari","name_bn":"নীলফামারী","division":"rangpur","division_bn":"রংপুর"}},
{"type":"Feature","geometry":{"type":"MultiPolygon","coordinates":[[[[91.0153,22.2426],[91.0291,22.2717],[91.0366,22.3203],[91.019,22.3323],[91.0194,22.2928],[91.0137,22.2698],[91.0153,22.2426]]],[[[90.9677,22.4276],[90.9696,22.4528],[90.9509,22.4645],[90.9677,22.4276]]],[[[90.9339,22.4937],[90.9801,22.505],[90.9765,22.522],[90.9321,22.497],[90.9339,22.4937]]],[[[90.9618,23.131],[90.9415,23.1015],[90.9395,23.0837],[90.906,23.0724],[90.9145,23.0453],[90.8866,23.0256],[90.966,22.9794],[90.9988,22.9774],[91.0012,22.9562],[90.9813,22.9162],[90.9864,22.8786],[90.9395,22.8563],[90.9451,22.8447],[90.9267,22.8139],[90.89,22.811],[90.9501,22.7777],[90.9813,22.754],[90.9808,22.7154],[91.0099,22.7052],[91.0171,22.679],[91.0009,22.6656],[90.9884,22.6393],[91.0144,22.5991],[91.0174,22.5682],[91.0554,22.5369],[91.0928,22.4664],[91.136,22.4429],[91.1604,22.4582],[91.1654,22.4795],[91.1942,22.4998],[91.1915,22.5201],[91.2289,22.5259],[91.288,22.6186],[91.2797,22.6512],[91.2638,22.6836],[91.2483,22.6802],[91.2427,22.7079],[91.2716,22.7081],[91.2989,22.7452],[91.3297,22.7529],[91.3686,22.7515],[91.3639,22.7699],[91.3312,22.7853],[91.3281,22.7975],[91.3311,22.8175],[91.332,22.8207],[91.3289,22.8483],[91.3298,22.8471],[91.331,22.8451],[91.3368,22.8448],[91.3353,22.8754],[91.3509,22.902],[91.3312,22.9098],[91.2998,22.894],[91.2691,22.8916],[91.2601,22.9099],[91.2631,22.9459],[91.256,22.9639],[91.2649,23.0219],[91.259,23.0546],[91.2047,23.0664],[91.1829,23.0616],[91.1599,23.0841],[91.1293,23.0746],[91.0794,23.0716],[91.043,23.0904],[91.036,23.1144],[90.9855,23.1174],[90.9808,23.1332],[90.9618,23.131]]],[[[91.3394,22.526],[91.3392,22.5301],[91.3326,22.5649],[91.3322,22.5657],[91.3111,22.6028],[91.2738,22.5548],[91.266,22.5201],[91.291,22.4839],[91.3258,22.501],[91.3399,22.5176],[91.3394,22.526]]],[[[91.3384,22.7321],[91.3082,22.7266],[91.2865,22.6997],[91.296,22.673],[91.3182,22.6499],[91.3432,22.6858],[91.3487,22.7159],[91.3384,22.7321]]],[[[91.031,22.0838],[90.9985,22.0997],[90.9783,22.0815],[90.9728,22.0515],[90.9908,22.0231],[91.0142,22.039],[91.0354,22.0425],[91.0479,22.0738],[91.031,22.0838]]],[[[91.0362,22.3376],[91.0541,22.3513],[91.0411,22.374],[91.0196,22.3523],[91.0362,22.3376]]],[[[91.1409,22.3732],[91.1316,22.3836],[91.07,22.407],[91.0749,22.3636],[91.0667,22.3526],[91.0703,22.2963],[91.0685,22.2421],[91.0539,22.1909],[91.0297,22.1442],[91.006,22.1204],[91.0059,22.1079],[91.0578,22.0792],[91.1649,22.1686],[91.169,22.1913],[91.1882,22.2328],[91.1901,22.2807],[91.1843,22.2965],[91.1899,22.3266],[91.1847,22.3654],[91.175,22.3838],[91.1409,22.3732]]],[[[91.0129,22.3605],[91.0304,22.3771],[91.0453,22.436],[91.0341,22.4507],[91.0019,22.4635],[90.9877,22.4356],[91.0038,22.3707],[91.0129,22.3605]]]]},"properties":{"code":"noakhali","name_en":"Noakhali","name_bn":"নোয়াখালী","division":"chattogram","division_bn":"চট্টগ্রাম"}},
{"type":"Feature","geometry":{"type":"Polygon","coordinates":[[[89.3554,23.8859],[89.3646,23.9107],[89.391,23.9042],[89.4089,23.8817],[89.4686,23.8393],[89.515,23.8186],[89.5715,23.8081],[89.5839,23.8144],[89.6294,23.8092],[89.6957,23.8145],[89.7327,23.8354],[89.7122,23.8584],[89.6928,23.9427],[89.6914,23.9761],[89.6993,23.9973],[89.7216,24.0135],[89.683,24.0342],[89.6813,24.062],[89.6163,24.097],[89.5931,24.1024],[89.5282,24.147],[89.5351,24.1728],[89.5177,24.179],[89.5008,24.2171],[89.4859,24.2038],[89.4566,24.2338],[89.4602,24.2621],[89.4428,24.2628],[89.4206,24.2832],[89.4255,24.3071],[89.4004,24.3215],[89.3783,24.3483],[89.3186,24.3531],[89.3177,24.3418],[89.2872,24.3307],[89.2866,24.3048],[89.2544,24.273],[89.2417,24.2756],[89.2141,24.2106],[89.175,24.2007],[89.1561,24.1734],[89.1111,24.1659],[89.0519,24.1411],[89.0157,24.1437],[89.0067,24.1181],[89.0265,24.0917],[89.0481,24.0196],[89.0728,23.9779],[89.0986,23.9599],[89.127,23.9622],[89.1483,23.9506],[89.1798,23.9633],[89.1777,23.9874],[89.2163,23.9885],[89.237,23.9729],[89.2359,23.946],[89.2625,23.9097],[89.3039,23.8888],[89.3124,23.8743],[89.3554,23.8859]]]},"properties":{"code":"pabna","name_en":"Pabna","name_bn":"পাবনা","division":"rajshahi","division_bn":"রাজশাহী"}},
{"type":"Feature","geometry":{"type":"Polygon","coordinates":[[[88.735,26.0147],[88.7547,26.0224],[88.7788,26.0624],[88.7672,26.0878],[88.7892,26.1235],[88.7836,26.1326],[88.7825,26.1816],[88.7975,26.2148],[88.7901,26.2304],[88.7629,26.2361],[88.7581,26.2614],[88.7664,26.2865],[88.7593,26.3041],[88.7466,26.3111],[88.7219,26.2829],[88.6676,26.272],[88.6932,26.3141],[88.7465,26.3225],[88.7439,26.3488],[88.6951,26.3442],[88.6769,26.3991],[88.6498,26.4297],[88.6282,26.4411],[88.6229,26.4712],[88.5958,26.4693],[88.5946,26.4523],[88.56,26.4571],[88.5565,26.4849],[88.5265,26.4815],[88.508,26.5163],[88.4897,26.5104],[88.4835,26.5411],[88.4482,26.5354],[88.4312,26.5502],[88.416,26.6317],[88.3984,26.6259],[88.3796,26.5983],[88.3708,26.5607],[88.3574,26.5427],[88.3487,26.5076],[88.3321,26.4932],[88.3533,26.4514],[88.3605,26.4847],[88.4012,26.4832],[88.4153,26.4693],[88.4852,26.4603],[88.4962,26.4372],[88.4961,26.4116],[88.5156,26.3856],[88.5185,26.3519],[88.4884,26.3489],[88.4465,26.365],[88.4355,26.3359],[88.4138,26.3374],[88.3983,26.3171],[88.3496,26.2823],[88.3483,26.255],[88.3592,26.2429],[88.3478,26.222],[88.3214,26.2044],[88.3351,26.1872],[88.3702,26.179],[88.3916,26.2014],[88.4131,26.2029],[88.4661,26.1939],[88.4775,26.2038],[88.5167,26.201],[88.522,26.1804],[88.5562,26.1773],[88.5727,26.1496],[88.622,26.1306],[88.6455,26.092],[88.6268,26.0559],[88.646,26.043],[88.6696,26.0131],[88.735,26.0147]]]},"properties":{"code":"panchagarh","name_en":"Panchagarh","name_bn":"পঞ্চগড়","division":"rangpur","division_bn":"রংপুর"}},
{"type":"Feature","geometry":{"type":"MultiPolygon","coordinates":[[[[90.1474,21.9748],[90.1537,21.9821],[90.1661,21.9834],[90.1726,21.9774],[90.2139,21.9858],[90.227,21.9803],[90.2568,21.9536],[90.2647,21.9764],[90.2838,21.9927],[90.311,21.9879],[90.3316,22.0469],[90.3439,22.0613],[90.3911,22.0892],[90.432,22.0779],[90.4651,22.1091],[90.5034,22.1665],[90.5184,22.1765],[90.5244,22.1986],[90.5552,22.2343],[90.5898,22.2613],[90.6144,22.3112],[90.6176,22.274],[90.6607,22.3175],[90.6607,22.3558],[90.6582,22.366],[90.6432,22.381],[90.6398,22.4182],[90.6446,22.4519],[90.6345,22.46],[90.6323,22.463],[90.6175,22.4758],[90.5777,22.5429],[90.5394,22.5633],[90.5124,22.5341],[90.5012,22.5469],[90.4772,22.5323],[90.4572,22.5357],[90.4374,22.4992],[90.4272,22.4604],[90.4099,22.4813],[90.3918,22.4848],[90.3632,22.5044],[90.3545,22.4874],[90.3296,22.4692],[90.3138,22.4837],[90.2926,22.4687],[90.2304,22.4533],[90.2113,22.4182],[90.1949,22.4136],[90.1779,22.3394],[90.1456,22.3123],[90.1434,22.2897],[90.1586,22.2495],[90.1803,22.235],[90.225,22.2171],[90.2459,22.2617],[90.2718,22.2626],[90.2886,22.2433],[90.3134,22.2538],[90.3632,22.2152],[90.3365,22.165],[90.3435,22.1294],[90.3336,22.1001],[90.3179,22.0826],[90.291,22.0712],[90.2743,22.0297],[90.2233,22.0373],[90.2187,22.0638],[90.1999,22.0919],[90.1866,22.0662],[90.2102,22.0309],[90.1851,22.0123],[90.1783,22.0012],[90.1912,21.9847],[90.1606,21.9875],[90.1535,21.9826],[90.1474,21.9748]]],[[[90.5468,22.5925],[90.5572,22.589],[90.5543,22.5926],[90.5468,22.5925]]],[[[90.5873,21.9839],[90.5627,21.9859],[90.5298,21.957],[90.5088,21.9285],[90.5171,21.8915],[90.5568,21.8808],[90.577,21.8831],[90.6018,21.9676],[90.5873,21.9839]]],[[[90.5825,22.0225],[90.5671,21.9927],[90.5898,21.9869],[90.5825,22.0225]]],[[[90.5856,22.1848],[90.5474,22.1557],[90.5386,22.1354],[90.4851,22.0737],[90.4847,22.0138],[90.5101,21.9627],[90.5312,21.9961],[90.5606,22.0239],[90.5786,22.0515],[90.5859,22.0874],[90.5847,22.1402],[90.57,22.1517],[90.5856,22.1848]]],[[[90.6215,22.2435],[90.589,22.2407],[90.5868,22.189],[90.6215,22.2435]]],[[[90.5752,22.5705],[90.5747,22.5712],[90.5577,22.5883],[90.5519,22.5769],[90.5862,22.5474],[90.5752,22.5705]]],[[[90.5413,21.8536],[90.4978,21.8581],[90.481,21.8424],[90.4815,21.8147],[90.4997,21.8115],[90.5225,21.827],[90.5413,21.8536]]],[[[90.5531,21.8639],[90.5272,21.8871],[90.5036,21.8662],[90.5481,21.8574],[90.5531,21.8639]]],[[[90.3005,21.9537],[90.3043,21.9752],[90.2882,21.9892],[90.2545,21.9507],[90.2302,21.976],[90.2101,21.9836],[90.1742,21.9752],[90.1591,21.9812],[90.1367,21.9564],[90.1473,21.9357],[90.1163,21.9193],[90.1105,21.8785],[90.0828,21.8503],[90.0996,21.8235],[90.1283,21.8098],[90.1821,21.7974],[90.2195,21.8062],[90.2586,21.844],[90.2673,21.8757],[90.3005,21.9537]]],[[[90.4845,21.9876],[90.4788,22.0327],[90.4662,22.0543],[90.4191,22.0328],[90.3972,22.0098],[90.3561,21.9791],[90.3219,21.9058],[90.3068,21.8832],[90.3134,21.8545],[90.3266,21.8468],[90.358,21.8516],[90.375,21.8683],[90.3932,21.8707],[90.4086,21.894],[90.4645,21.9188],[90.4838,21.9368],[90.4979,21.9637],[90.4845,21.9876]]],[[[90.3993,22.0552],[90.4261,22.0758],[90.3925,22.0858],[90.3654,22.0614],[90.3402,22.0223],[90.3517,22.0104],[90.368,22.0496],[90.3993,22.0552]]]]},"properties":{"code":"patuakhali","name_en":"Patuakhali","name_bn":"পটুয়াখালী","division":"barishal","division_bn":"বরিশাল"}},
{"type":"Feature","geometry":{"type":"MultiPolygon","coordinates":[[[[89.8893,22.1582],[89.8909,22.1583],[89.8877,22.1652],[89.8893,22.1582]]],[[[89.8859,22.1773],[89.9072,22.1588],[89.935,22.166],[89.975,22.2039],[90.0187,22.2305],[90.0292,22.2598],[90.024,22.2931],[90.0532,22.315],[90.0509,22.3369],[90.0559,22.3568],[90.019,22.3718],[90.0228,22.3945],[90.0388,22.4023],[90.0275,22.428],[90.0363,22.4486],[90.0772,22.4399],[90.1007,22.4447],[90.134,22.4869],[90.1009,22.4996],[90.079,22.4956],[90.0629,22.5051],[90.0657,22.5528],[90.0559,22.5798],[90.1024,22.5963],[90.1101,22.6098],[90.0965,22.6396],[90.117,22.6662],[90.1382,22.6736],[90.1581,22.7196],[90.1877,22.7419],[90.1772,22.7527],[90.1407,22.7598],[90.1219,22.7747],[90.0767,22.7848],[90.0344,22.8387],[90.0347,22.8657],[90.0184,22.871],[89.9873,22.8658],[89.967,22.8537],[89.9438,22.8565],[89.9458,22.8317],[89.914,22.7998],[89.9045,22.7726],[89.9155,22.7515],[89.9314,22.7524],[89.932,22.7242],[89.9046,22.7258],[89.8632,22.7029],[89.8682,22.6916],[89.9021,22.6954],[89.9356,22.6768],[89.9139,22.6597],[89.927,22.6418],[89.92,22.6067],[89.9624,22.5932],[89.9542,22.554],[89.9294,22.5226],[89.9318,22.5081],[89.9646,22.5077],[89.9647,22.4924],[89.8921,22.5069],[89.8821,22.4972],[89.8948,22.4757],[89.9307,22.4779],[89.9426,22.4568],[89.9109,22.4473],[89.8761,22.4276],[89.8724,22.41],[89.9016,22.373],[89.8954,22.3466],[89.8757,22.3201],[89.8579,22.2693],[89.8648,22.2257],[89.8859,22.1773]]]]},"properties":{"code":"pirojpur","name_en":"Pirojpur","name_bn":"পিরোজপুর","division":"barishal","division_bn":"বরিশাল"}},
{"type":"Feature","geometry":{"type":"Polygon","coordinates":[[[89.8649,23.7189],[89.8358,23.751],[89.7809,23.7977],[89.7709,23.8333],[89.7327,23.8354],[89.6957,23.8145],[89.6294,23.8092],[89.5839,23.8144],[89.5715,23.8081],[89.515,23.8186],[89.4686,23.8393],[89.4089,23.8817],[89.391,23.9042],[89.3646,23.9107],[89.3554,23.8859],[89.3513,23.8411],[89.3365,23.8287],[89.3302,23.7785],[89.3158,23.748],[89.2982,23.736],[89.3122,23.7276],[89.3217,23.7028],[89.3665,23.6641],[89.412,23.6815],[89.4395,23.6588],[89.4423,23.6388],[89.47,23.6348],[89.4822,23.62],[89.4704,23.5995],[89.4973,23.5791],[89.5204,23.587],[89.5418,23.5686],[89.5633,23.6035],[89.6298,23.5877],[89.6547,23.6096],[89.6903,23.5896],[89.7266,23.5825],[89.7523,23.5901],[89.7284,23.619],[89.7304,23.6551],[89.7545,23.6757],[89.7893,23.686],[89.7955,23.7125],[89.8442,23.713],[89.8649,23.7189]]]},"properties":{"code":"rajbari","name_en":"Rajbari","name_bn":"রাজবাড়ী","division":"dhaka","division_bn":"ঢাকা"}},
{"type":"Feature","geometry":{"type":"Polygon","coordinates":[[[88.8607,24.1118],[88.8825,24.1301],[88.8956,24.1577],[88.8689,24.1746],[88.8762,24.2005],[88.8721,24.2272],[88.9153,24.2406],[88.9,24.2711],[88.9027,24.2903],[88.8782,24.2927],[88.8546,24.3108],[88.8468,24.3404],[88.8617,24.3636],[88.8919,24.3655],[88.8902,24.383],[88.9025,24.4195],[88.8932,24.4558],[88.8966,24.535],[88.921,24.5445],[88.9405,24.5359],[88.9611,24.5481],[88.9633,24.5836],[88.9337,24.5884],[88.9095,24.6433],[88.8743,24.6374],[88.8546,24.6584],[88.8109,24.6581],[88.8141,24.6746],[88.7947,24.6861],[88.7707,24.6676],[88.7427,24.6835],[88.7353,24.6638],[88.7014,24.6619],[88.7026,24.6382],[88.6827,24.637],[88.6326,24.6214],[88.6245,24.6955],[88.546,24.7005],[88.5056,24.7186],[88.4879,24.7065],[88.4897,24.6903],[88.4333,24.6637],[88.4283,24.6344],[88.4103,24.609],[88.3712,24.6028],[88.3183,24.5692],[88.3005,24.5649],[88.3121,24.5212],[88.304,24.4939],[88.315,24.4617],[88.3309,24.4476],[88.2917,24.4164],[88.3283,24.385],[88.357,24.3737],[88.3894,24.3719],[88.4303,24.3838],[88.4463,24.3787],[88.5079,24.3426],[88.5271,24.3445],[88.5551,24.2934],[88.5676,24.3267],[88.588,24.312],[88.6237,24.3156],[88.6943,24.3156],[88.7247,24.2979],[88.7409,24.254],[88.7334,24.1939],[88.7572,24.1618],[88.7873,24.133],[88.8173,24.1211],[88.8437,24.1259],[88.8607,24.1118]]]},"properties":{"code":"rajshahi","name_en":"Rajshahi","name_bn":"রাজশাহী","division":"rajshahi","division_bn":"রাজশাহী"}},
{"type":"Feature","geometry":{"type":"Polygon","coordinates":[[[92.6139,21.8519],[92.6316,21.863],[92.6259,21.9089],[92.6035,21.9829],[92.5898,22.0708],[92.5752,22.1162],[92.5919,22.1395],[92.6109,22.1385],[92.6066,22.1661],[92.588,22.216],[92.5917,22.2393],[92.581,22.2693],[92.5865,22.2804],[92.5812,22.3218],[92.5547,22.4056],[92.5553,22.4289],[92.5443,22.4833],[92.5492,22.4957],[92.5398,22.5409],[92.5218,22.5603],[92.5381,22.5753],[92.5275,22.621],[92.526,22.6731],[92.5077,22.7369],[92.4739,22.7463],[92.4722,22.7958],[92.4552,22.8258],[92.4643,22.8547],[92.4209,22.9081],[92.3978,22.9294],[92.3765,22.9288],[92.3743,22.9701],[92.385,22.9928],[92.3795,23.0121],[92.3921,23.0539],[92.369,23.0952],[92.3579,23.1035],[92.3624,23.1651],[92.3507,23.2343],[92.4013,23.2367],[92.3857,23.3063],[92.3682,23.3256],[92.3757,23.3655],[92.3561,23.3727],[92.3463,23.4334],[92.327,23.4486],[92.3178,23.5262],[92.3081,23.5778],[92.2889,23.5983],[92.2893,23.6287],[92.2751,23.6501],[92.289,23.6801],[92.2893,23.702],[92.2578,23.7252],[92.2366,23.7135],[92.2257,23.6552],[92.2028,23.7059],[92.1777,23.7077],[92.1667,23.7403],[92.1442,23.7332],[92.1208,23.6928],[92.0997,23.6768],[92.0831,23.6801],[92.0738,23.6476],[92.1156,23.556],[92.1241,23.5256],[92.137,23.4304],[92.1202,23.413],[92.0907,23.398],[92.0484,23.3657],[92.1251,23.319],[92.1302,23.2245],[92.1547,23.1508],[92.1811,23.102],[92.1153,23.0802],[92.0717,23.0727],[92.1047,23.0036],[92.1183,22.9586],[92.0824,22.9414],[92.0638,22.9239],[92.0593,22.9034],[92.04,22.8844],[92.0189,22.884],[92.0007,22.8423],[91.9807,22.8343],[91.976,22.7864],[92.0014,22.7268],[91.9666,22.7178],[91.9625,22.691],[91.9276,22.6887],[91.9431,22.6687],[91.9349,22.6574],[91.9388,22.6241],[91.9674,22.5546],[91.9782,22.5078],[91.9965,22.4848],[92.0162,22.4992],[92.0253,22.5228],[92.0064,22.5816],[92.0129,22.6049],[92.0329,22.613],[92.0697,22.6148],[92.1042,22.5701],[92.1086,22.5354],[92.1286,22.4924],[92.1282,22.4588],[92.1362,22.431],[92.0992,22.4004],[92.1223,22.3658],[92.1459,22.3477],[92.1976,22.3434],[92.2248,22.3311],[92.2809,22.3557],[92.3726,22.3362],[92.4003,22.3148],[92.4616,22.2565],[92.4834,22.22],[92.4972,22.1533],[92.4986,22.1135],[92.5156,22.0679],[92.524,22.0247],[92.5381,21.9885],[92.5701,21.9271],[92.5857,21.8827],[92.6139,21.8519]]]},"properties":{"code":"rangamati","name_en":"Rangamati","name_bn":"রাঙ্গামাটি","division":"chattogram","division_bn":"চট্টগ্রাম"}},
{"type":"Feature","geometry":{"type":"Polygon","coordinates":[[[89.2807,25.3013],[89.3264,25.3005],[89.3302,25.3219],[89.3472,25.3365],[89.3447,25.3703],[89.3754,25.4065],[89.3993,25.4646],[89.4301,25.4742],[89.4421,25.4883],[89.4397,25.5303],[89.4059,25.5422],[89.4157,25.5895],[89.4459,25.5856],[89.4884,25.5999],[89.5359,25.649],[89.5142,25.6598],[89.5191,25.6784],[89.5004,25.7459],[89.4592,25.7864],[89.3924,25.7961],[89.3706,25.8175],[89.3344,25.8375],[89.2818,25.8962],[89.2348,25.9047],[89.2028,25.9394],[89.1418,25.9642],[89.1169,25.9665],[89.1027,25.9451],[89.1029,25.9108],[89.1149,25.8814],[89.1026,25.8752],[89.0873,25.8459],[89.0487,25.8216],[88.9483,25.81],[88.9618,25.7843],[88.9441,25.7679],[88.9411,25.7343],[88.9317,25.7218],[88.939,25.6857],[88.9644,25.683],[88.9734,25.6617],[88.9909,25.6607],[88.9981,25.6251],[89.016,25.6025],[89.0383,25.604],[89.0438,25.5877],[89.0786,25.5828],[89.1038,25.5635],[89.0934,25.5456],[89.1039,25.5162],[89.1023,25.4942],[89.1159,25.4556],[89.1485,25.4339],[89.1487,25.4166],[89.1647,25.3999],[89.2049,25.3887],[89.2377,25.3577],[89.2378,25.3191],[89.2807,25.3013]]]},"properties":{"code":"rangpur","name_en":"Rangpur","name_bn":"রংপুর","division":"rangpur","division_bn":"রংপুর"}},
{"type":"Feature","geometry":{"type":"MultiPolygon","coordinates":[[[[88.9086,22.9192],[88.8982,22.8978],[88.9098,22.8798],[88.9494,22.8774],[88.9685,22.8441],[88.9594,22.808],[88.911,22.7579],[88.9279,22.7181],[88.9623,22.6951],[88.9449,22.6623],[88.9285,22.6524],[88.9347,22.6182],[88.9566,22.6064],[88.9387,22.5917],[88.9382,22.5614],[88.9614,22.55],[88.9804,22.4862],[88.9971,22.4697],[88.9909,22.4452],[89.0022,22.4289],[88.9749,22.4114],[88.9904,22.3877],[88.9855,22.3262],[89.0008,22.3237],[89.0241,22.2991],[88.9985,22.2824],[89.036,22.2544],[89.0418,22.2251],[89.0765,22.1894],[89.0709,22.1553],[89.0965,22.1621],[89.0988,22.1432],[89.0808,22.1323],[89.0478,22.097],[89.0557,22.0647],[89.0871,22.0247],[89.0939,22.0503],[89.1192,22.0702],[89.1389,22.068],[89.1503,22.0849],[89.1742,22.0723],[89.1633,22.0279],[89.187,22.0252],[89.2095,22.0051],[89.2454,22.0592],[89.2164,22.0888],[89.2328,22.1047],[89.2645,22.1126],[89.2645,22.1344],[89.2806,22.1607],[89.3101,22.1837],[89.3057,22.2145],[89.3114,22.2316],[89.292,22.2566],[89.3124,22.2757],[89.2808,22.2882],[89.2757,22.3098],[89.251,22.3394],[89.273,22.3461],[89.2651,22.3759],[89.2408,22.4283],[89.2584,22.4668],[89.2805,22.4729],[89.2514,22.5071],[89.2482,22.53],[89.2342,22.5521],[89.2558,22.5704],[89.2649,22.5951],[89.2432,22.6104],[89.2509,22.6571],[89.2807,22.6357],[89.3017,22.647],[89.2623,22.6688],[89.2596,22.6943],[89.2864,22.6971],[89.3006,22.683],[89.3317,22.7288],[89.3106,22.7502],[89.2987,22.788],[89.2708,22.7906],[89.2456,22.8164],[89.2467,22.8356],[89.2015,22.8124],[89.1683,22.8168],[89.1542,22.832],[89.1372,22.8275],[89.1228,22.8534],[89.1289,22.8678],[89.1113,22.8883],[89.1254,22.9279],[89.0963,22.9233],[89.0575,22.9359],[89.0344,22.9303],[89.0128,22.9468],[88.9925,22.9447],[88.9756,22.9221],[88.9419,22.9125],[88.9086,22.9192]]],[[[89.2462,21.6891],[89.2242,21.6986],[89.2091,21.6644],[89.2386,21.6533],[89.2774,21.6677],[89.2904,21.691],[89.257,21.6967],[89.2462,21.6891]]],[[[89.2757,21.7555],[89.2214,21.7471],[89.2359,21.6967],[89.2775,21.7031],[89.2885,21.7317],[89.2757,21.7555]]],[[[89.2121,21.8218],[89.1929,21.826],[89.1888,21.7971],[89.2186,21.7522],[89.2843,21.7669],[89.2818,21.7928],[89.2578,21.7945],[89.229,21.8219],[89.2121,21.8218]]],[[[89.1043,21.7811],[89.0843,21.7958],[89.0763,21.8284],[89.0836,21.857],[89.0573,21.8989],[89.059,21.9199],[89.0335,21.9149],[89.0338,21.8951],[89.0526,21.878],[89.0593,21.8343],[89.0449,21.7867],[89.0676,21.7734],[89.1071,21.7226],[89.1358,21.722],[89.1471,21.7404],[89.1304,21.7699],[89.1043,21.7811]]],[[[89.301,21.8381],[89.323,21.879],[89.3598,21.9001],[89.3482,21.9423],[89.314,21.9861],[89.2934,21.9634],[89.29,21.9405],[89.2969,21.9307],[89.3185,21.9208],[89.3211,21.917],[89.2908,21.879],[89.3047,21.8735],[89.3081,21.8696],[89.3072,21.8664],[89.2989,21.8574],[89.2941,21.8394],[89.301,21.8381]]],[[[89.1853,22.0219],[89.165,22.0207],[89.1673,21.9882],[89.1431,21.9617],[89.1428,21.9383],[89.1549,21.9251],[89.2016,21.9239],[89.2125,21.9041],[89.2015,21.8861],[89.194,21.829],[89.2492,21.8182],[89.2738,21.8539],[89.2694,21.8843],[89.285,21.9054],[89.2456,21.9154],[89.2407,21.9287],[89.2107,21.9352],[89.2046,21.9623],[89.242,21.9876],[89.1949,22.0026],[89.1853,22.0219]]],[[[89.1237,22.0462],[89.0957,22.0493],[89.0908,22.0142],[89.0972,21.9402],[89.1065,21.9592],[89.1093,21.9676],[89.1062,21.9759],[89.108,21.9782],[89.1154,21.9907],[89.1302,21.9981],[89.1237,22.0462]]],[[[89.1496,22.0281],[89.157,22.0563],[89.1495,22.0767],[89.1276,22.055],[89.1306,21.9964],[89.116,21.9879],[89.1209,21.979],[89.1078,21.9757],[89.1121,21.9668],[89.1083,21.9598],[89.1169,21.9511],[89.0815,21.9204],[89.0798,21.9037],[89.0985,21.8775],[89.1049,21.8467],[89.0991,21.8137],[89.1517,21.7949],[89.1676,21.8031],[89.1849,21.8373],[89.185,21.874],[89.2011,21.9127],[89.1541,21.9137],[89.1394,21.9224],[89.1311,21.9502],[89.1391,21.9737],[89.1608,21.9915],[89.1496,22.0281]]],[[[89.2614,22.0808],[89.2507,22.0498],[89.2193,22.0082],[89.2487,21.9913],[89.2488,21.9763],[89.2175,21.9594],[89.2601,21.9166],[89.279,21.92],[89.2962,21.902],[89.2778,21.8753],[89.2842,21.8427],[89.2931,21.8414],[89.2961,21.8572],[89.3064,21.8698],[89.2929,21.8749],[89.2898,21.8805],[89.3195,21.9185],[89.2991,21.9275],[89.2887,21.9395],[89.2885,21.9863],[89.3056,22.0006],[89.2773,22.0593],[89.2614,22.0808]]]]},"properties":{"code":"satkhira","name_en":"Satkhira","name_bn":"সাতক্ষীরা","division":"khulna","division_bn":"খুলনা"}},
{"type":"Feature","geometry":{"type":"Polygon","coordinates":[[[90.4985,23.069],[90.5031,23.0885],[90.523,23.1113],[90.5563,23.1352],[90.5717,23.1524],[90.6078,23.2135],[90.6022,23.2241],[90.6012,23.2268],[90.5965,23.2301],[90.5456,23.2835],[90.5021,23.3019],[90.5119,23.3286],[90.5348,23.3392],[90.5907,23.3359],[90.5761,23.358],[90.5468,23.3674],[90.5387,23.3793],[90.4987,23.4044],[90.432,23.4163],[90.4217,23.4013],[90.3602,23.43],[90.3221,23.4378],[90.3017,23.4516],[90.2814,23.4465],[90.2693,23.4273],[90.2403,23.4252],[90.2217,23.3987],[90.2584,23.3863],[90.2356,23.3696],[90.2472,23.3432],[90.244,23.3168],[90.2277,23.2634],[90.242,23.2466],[90.2472,23.2165],[90.286,23.1929],[90.2924,23.1454],[90.3092,23.1323],[90.3436,23.1401],[90.3524,23.1042],[90.3443,23.0764],[90.3488,23.0567],[90.3834,23.0563],[90.4214,23.0401],[90.4072,23.0163],[90.4173,23.0072],[90.4574,23.0154],[90.4964,23.0393],[90.4978,23.0488],[90.4985,23.069]]]},"properties":{"code":"shariatpur","name_en":"Shariatpur","name_bn":"শরীয়তপুর","division":"dhaka","division_bn":"ঢাকা"}},
{"type":"Feature","geometry":{"type":"Polygon","coordinates":[[[90.1949,24.8853],[90.2357,24.8862],[90.2456,24.9254],[90.2352,24.9341],[90.2289,24.9666],[90.2411,25.0082],[90.2323,25.0422],[90.2492,25.0623],[90.2795,25.0561],[90.2934,25.0775],[90.2624,25.0983],[90.2689,25.1482],[90.2596,25.1623],[90.2642,25.1964],[90.1959,25.2111],[90.1714,25.2232],[90.1181,25.2236],[90.0812,25.2405],[90.0563,25.2605],[90.0337,25.2624],[90.0042,25.2806],[89.9807,25.281],[89.9666,25.3038],[89.9482,25.2937],[89.9317,25.286],[89.9313,25.2607],[89.9062,25.266],[89.8872,25.1822],[89.9037,25.1672],[89.8947,25.1165],[89.9146,25.0892],[89.9158,25.0522],[89.8798,25.0199],[89.9045,24.9856],[89.9083,24.9548],[89.9377,24.9595],[89.956,24.9244],[90.0055,24.913],[90.0666,24.906],[90.1087,24.9085],[90.1327,24.8989],[90.1949,24.8853]]]},"properties":{"code":"sherpur","name_en":"Sherpur","name_bn":"শেরপুর","division":"mymensingh","division_bn":"ময়মনসিংহ"}},
{"type":"Feature","geometry":{"type":"Polygon","coordinates":[[[89.339,24.5595],[89.3162,24.5144],[89.284,24.4813],[89.2754,24.4487],[89.2483,24.4329],[89.2851,24.4205],[89.2933,24.3648],[89.3186,24.3531],[89.3783,24.3483],[89.4004,24.3215],[89.4255,24.3071],[89.4206,24.2832],[89.4428,24.2628],[89.4602,24.2621],[89.4566,24.2338],[89.4859,24.2038],[89.5008,24.2171],[89.5177,24.179],[89.5351,24.1728],[89.5282,24.147],[89.5931,24.1024],[89.6163,24.097],[89.6813,24.062],[89.683,24.0342],[89.7216,24.0135],[89.7588,24.0222],[89.7852,24.0352],[89.817,24.0636],[89.8249,24.0883],[89.8174,24.1065],[89.8201,24.1405],[89.8026,24.1601],[89.783,24.2367],[89.7905,24.2634],[89.787,24.2886],[89.7742,24.3015],[89.7715,24.3303],[89.7517,24.3507],[89.766,24.3758],[89.7466,24.4305],[89.7552,24.4553],[89.7424,24.4706],[89.7582,24.4996],[89.7463,24.5373],[89.7891,24.5723],[89.765,24.6138],[89.785,24.6258],[89.7833,24.6692],[89.7992,24.68],[89.7724,24.724],[89.7909,24.7352],[89.78,24.7652],[89.7351,24.7657],[89.7153,24.7773],[89.68,24.7838],[89.6717,24.7594],[89.6554,24.7464],[89.6608,24.7284],[89.624,24.6855],[89.5917,24.7029],[89.5648,24.6993],[89.5447,24.6537],[89.5594,24.6262],[89.6025,24.6052],[89.6016,24.5619],[89.5683,24.5468],[89.5553,24.5554],[89.5288,24.5514],[89.4857,24.5569],[89.4732,24.5438],[89.4311,24.5508],[89.4249,24.5609],[89.3936,24.5518],[89.339,24.5595]]]},"properties":{"code":"sirajganj","name_en":"Sirajganj","name_bn":"সিরাজগঞ্জ","division":"rajshahi","division_bn":"রাজশাহী"}},
{"type":"Feature","geometry":{"type":"Polygon","coordinates":[[[91.6491,24.675],[91.6613,24.7006],[91.6555,24.7164],[91.6741,24.8066],[91.6582,24.8086],[91.6741,24.8593],[91.6932,24.8614],[91.6823,24.8939],[91.6899,24.9228],[91.7116,24.9615],[91.7036,24.9809],[91.6752,24.9907],[91.6875,25.058],[91.7344,25.0756],[91.7185,25.0927],[91.7263,25.1203],[91.7037,25.151],[91.6916,25.1372],[91.668,25.1378],[91.642,25.1232],[91.6016,25.1437],[91.604,25.1676],[91.577,25.1721],[91.5571,25.1498],[91.5095,25.1476],[91.4996,25.1355],[91.3985,25.1646],[91.3371,25.1737],[91.2921,25.1934],[91.2597,25.2011],[91.2302,25.197],[91.1946,25.2019],[91.1252,25.1941],[91.0696,25.1985],[91.0383,25.1864],[90.9648,25.1719],[90.9703,25.1606],[90.9492,25.1373],[90.9527,25.1065],[90.9295,25.0573],[90.9389,25.0458],[90.9403,24.9861],[90.9732,24.9584],[90.9553,24.9395],[90.9533,24.9192],[90.9798,24.9172],[91.0156,24.8986],[91.0784,24.9],[91.1089,24.8716],[91.1203,24.8372],[91.1162,24.8065],[91.1426,24.8006],[91.153,24.8375],[91.1707,24.827],[91.164,24.8018],[91.1712,24.7799],[91.1352,24.7572],[91.1587,24.7249],[91.2124,24.7131],[91.2409,24.6916],[91.23,24.6547],[91.2099,24.6525],[91.1952,24.6311],[91.206,24.577],[91.234,24.569],[91.2903,24.5954],[91.3128,24.6465],[91.3506,24.6675],[91.3716,24.6906],[91.4003,24.6707],[91.4288,24.6822],[91.438,24.6618],[91.4674,24.6612],[91.4842,24.671],[91.5448,24.6548],[91.5684,24.6644],[91.6491,24.675]]]},"properties":{"code":"sunamganj","name_en":"Sunamganj","name_bn":"সুনামগঞ্জ","division":"sylhet","division_bn":"সিলেট"}},
{"type":"Feature","geometry":{"type":"Polygon","coordinates":[[[91.6609,24.6259],[91.6842,24.6061],[91.7271,24.5934],[91.8282,24.6536],[91.8465,24.6444],[91.8661,24.6574],[91.8884,24.6472],[91.9309,24.6576],[91.9736,24.6393],[91.9951,24.6551],[92.029,24.6523],[92.0299,24.6983],[92.0468,24.6972],[92.0829,24.7328],[92.0994,24.7566],[92.1745,24.7735],[92.1941,24.7684],[92.1934,24.7984],[92.2131,24.8132],[92.2435,24.8195],[92.2508,24.8362],[92.2383,24.8684],[92.2475,24.9095],[92.3072,24.9017],[92.3397,24.8783],[92.3754,24.8745],[92.3859,24.8533],[92.4072,24.8601],[92.4364,24.8572],[92.4452,24.8731],[92.4762,24.8683],[92.4919,24.878],[92.4967,24.9022],[92.4839,24.9286],[92.4878,24.9442],[92.4496,24.9387],[92.4478,24.9658],[92.4194,24.9676],[92.4252,25.0297],[92.3414,25.0487],[92.3485,25.0736],[92.3221,25.0783],[92.3105,25.0692],[92.2543,25.0869],[92.2069,25.1088],[92.1914,25.1354],[92.1709,25.1287],[92.1358,25.1389],[92.1396,25.1547],[92.1044,25.1747],[92.0618,25.1871],[92.0034,25.1862],[91.9853,25.1729],[91.9145,25.1814],[91.8497,25.1733],[91.8271,25.1779],[91.7497,25.1594],[91.7354,25.1498],[91.7037,25.151],[91.7263,25.1203],[91.7185,25.0927],[91.7344,25.0756],[91.6875,25.058],[91.6752,24.9907],[91.7036,24.9809],[91.7116,24.9615],[91.6899,24.9228],[91.6823,24.8939],[91.6932,24.8614],[91.6741,24.8593],[91.6582,24.8086],[91.6741,24.8066],[91.6555,24.7164],[91.6613,24.7006],[91.6491,24.675],[91.6403,24.6571],[91.6609,24.6259]]]},"properties":{"code":"sylhet","name_en":"Sylhet","name_bn":"সিলেট","division":"sylhet","division_bn":"সিলেট"}},
{"type":"Feature","geometry":{"type":"Polygon","coordinates":[[[90.1476,24.0335],[90.1578,24.0643],[90.177,24.0748],[90.1723,24.0963],[90.2078,24.0949],[90.2304,24.106],[90.2186,24.1234],[90.226,24.1625],[90.2662,24.2151],[90.29,24.2261],[90.3004,24.2544],[90.2905,24.2778],[90.265,24.2887],[90.2567,24.3104],[90.2288,24.3476],[90.249,24.4153],[90.2293,24.4199],[90.2112,24.4616],[90.2273,24.4832],[90.2089,24.5087],[90.1743,24.5178],[90.168,24.5355],[90.1247,24.5963],[90.1442,24.6236],[90.1479,24.65],[90.1266,24.7179],[90.1273,24.7385],[90.0904,24.7372],[90.0966,24.7535],[90.0758,24.7879],[90.0488,24.774],[90.0322,24.777],[90.0204,24.7547],[89.9717,24.7242],[89.958,24.7443],[89.9354,24.7555],[89.9074,24.7345],[89.8782,24.7315],[89.88,24.7083],[89.8941,24.6963],[89.8781,24.679],[89.8421,24.6147],[89.8087,24.5677],[89.7891,24.5723],[89.7463,24.5373],[89.7582,24.4996],[89.7424,24.4706],[89.7552,24.4553],[89.7466,24.4305],[89.766,24.3758],[89.7517,24.3507],[89.7715,24.3303],[89.7742,24.3015],[89.787,24.2886],[89.7905,24.2634],[89.783,24.2367],[89.8026,24.1601],[89.8201,24.1405],[89.8174,24.1065],[89.8249,24.0883],[89.817,24.0636],[89.7852,24.0352],[89.7856,24.0098],[89.7644,23.9782],[89.8266,23.9813],[89.869,23.9713],[89.8663,23.9916],[89.9055,23.988],[89.9684,24.0302],[89.99,24.0049],[90.0076,24.0114],[90.0407,24.0284],[90.0745,24.0338],[90.1022,24.019],[90.1289,24.0332],[90.1476,24.0335]]]},"properties":{"code":"tangail","name_en":"Tangail","name_bn":"টাঙ্গাইল","division":"dhaka","division_bn":"ঢাকা"}},
{"type":"Feature","geometry":{"type":"Polygon","coordinates":[[[88.6268,26.0559],[88.6455,26.092],[88.622,26.1306],[88.5727,26.1496],[88.5562,26.1773],[88.522,26.1804],[88.5167,26.201],[88.4775,26.2038],[88.4661,26.1939],[88.4131,26.2029],[88.3916,26.2014],[88.3702,26.179],[88.3351,26.1872],[88.3214,26.2044],[88.2592,26.1866],[88.2418,26.1892],[88.2215,26.1663],[88.1771,26.1481],[88.1782,26.125],[88.1583,26.095],[88.1855,26.0634],[88.1727,26.0316],[88.1296,25.997],[88.1111,25.9332],[88.0858,25.9157],[88.0939,25.8744],[88.111,25.8641],[88.107,25.8152],[88.1144,25.798],[88.1387,25.7967],[88.1521,25.7758],[88.1934,25.8016],[88.2283,25.7967],[88.249,25.8122],[88.2695,25.8082],[88.2685,25.7808],[88.3163,25.7532],[88.3746,25.7124],[88.4017,25.6727],[88.4271,25.6697],[88.4362,25.7084],[88.4233,25.7249],[88.3921,25.7433],[88.3835,25.7875],[88.3908,25.811],[88.3863,25.8398],[88.4038,25.8648],[88.4446,25.862],[88.4859,25.8699],[88.48,25.9027],[88.5017,25.9187],[88.5119,25.9413],[88.5379,25.9635],[88.5297,25.9771],[88.5459,26.0192],[88.5625,26.0279],[88.5893,26.0204],[88.6268,26.0559]]]},"properties":{"code":"thakurgaon","name_en":"Thakurgaon","name_bn":"ঠাকুরগাঁও","division":"rangpur","division_bn":"রংপুর"}}
]}